Timestamp,Run,DeviceFilter,Workload,SpeedLine,SpeedNum,SpeedUnit
2026-01-12T10:41:12+01:00,1,,3,"Speed.#1.........:  1370.4 kH/s (54.30ms) @ Accel:32 Loops:124 Thr:256 Vec:1",1370.4,kH/s
2026-01-12T10:41:17+01:00,2,,3,"Speed.#1.........:  1351.3 kH/s (49.14ms) @ Accel:8 Loops:249 Thr:512 Vec:1",1351.3,kH/s
2026-01-12T10:41:20+01:00,3,,3,"Speed.#1.........:  1288.7 kH/s (60.89ms) @ Accel:2 Loops:999 Thr:512 Vec:1",1288.7,kH/s
2026-01-12T10:41:24+01:00,4,,3,"Speed.#1.........:  1361.4 kH/s (54.72ms) @ Accel:32 Loops:124 Thr:256 Vec:1",1361.4,kH/s
2026-01-12T10:41:28+01:00,5,,3,"Speed.#1.........:  1359.9 kH/s (54.72ms) @ Accel:32 Loops:124 Thr:256 Vec:1",1359.9,kH/s
2026-01-12T10:41:32+01:00,6,,3,"Speed.#1.........:  1349.5 kH/s (49.18ms) @ Accel:16 Loops:249 Thr:256 Vec:1",1349.5,kH/s
2026-01-12T10:41:36+01:00,7,,3,"Speed.#1.........:  1286.5 kH/s (60.97ms) @ Accel:2 Loops:999 Thr:512 Vec:1",1286.5,kH/s
2026-01-12T10:41:40+01:00,8,,3,"Speed.#1.........:  1286.4 kH/s (61.12ms) @ Accel:2 Loops:999 Thr:512 Vec:1",1286.4,kH/s
2026-01-12T10:41:43+01:00,9,,3,"Speed.#1.........:  1344.3 kH/s (55.35ms) @ Accel:16 Loops:124 Thr:512 Vec:1",1344.3,kH/s
2026-01-12T10:41:47+01:00,10,,3,"Speed.#1.........:  1337.4 kH/s (55.68ms) @ Accel:16 Loops:124 Thr:512 Vec:1",1337.4,kH/s
2026-01-12T10:41:52+01:00,11,,3,"Speed.#1.........:  1339.2 kH/s (55.57ms) @ Accel:16 Loops:124 Thr:512 Vec:1",1339.2,kH/s
2026-01-12T10:41:56+01:00,12,,3,"Speed.#1.........:  1337.2 kH/s (49.73ms) @ Accel:8 Loops:249 Thr:512 Vec:1",1337.2,kH/s
2026-01-12T10:42:00+01:00,13,,3,"Speed.#1.........:  1330.3 kH/s (55.95ms) @ Accel:16 Loops:124 Thr:512 Vec:1",1330.3,kH/s
2026-01-12T10:42:04+01:00,14,,3,"Speed.#1.........:  1329.8 kH/s (56.05ms) @ Accel:256 Loops:124 Thr:32 Vec:1",1329.8,kH/s
2026-01-12T10:42:08+01:00,15,,3,"Speed.#1.........:  1326.4 kH/s (56.18ms) @ Accel:256 Loops:124 Thr:32 Vec:1",1326.4,kH/s
2026-01-12T10:42:12+01:00,16,,3,"Speed.#1.........:  1301.8 kH/s (41.67ms) @ Accel:8 Loops:499 Thr:256 Vec:1",1301.8,kH/s
2026-01-12T10:42:16+01:00,17,,3,"Speed.#1.........:  1262.3 kH/s (62.31ms) @ Accel:2 Loops:999 Thr:512 Vec:1",1262.3,kH/s
2026-01-12T10:42:20+01:00,18,,3,"Speed.#1.........:  1266.2 kH/s (62.21ms) @ Accel:2 Loops:999 Thr:512 Vec:1",1266.2,kH/s
2026-01-12T10:42:23+01:00,19,,3,"Speed.#1.........:  1325.7 kH/s (56.16ms) @ Accel:16 Loops:124 Thr:512 Vec:1",1325.7,kH/s
2026-01-12T10:42:27+01:00,20,,3,"Speed.#1.........:  1267.3 kH/s (62.10ms) @ Accel:2 Loops:999 Thr:512 Vec:1",1267.3,kH/s
2026-01-12T10:42:31+01:00,21,,3,"Speed.#1.........:  1324.4 kH/s (56.20ms) @ Accel:16 Loops:124 Thr:512 Vec:1",1324.4,kH/s
2026-01-12T10:42:35+01:00,22,,3,"Speed.#1.........:  1318.5 kH/s (56.51ms) @ Accel:256 Loops:124 Thr:32 Vec:1",1318.5,kH/s
2026-01-12T10:42:40+01:00,23,,3,"Speed.#1.........:  1319.7 kH/s (56.49ms) @ Accel:256 Loops:124 Thr:32 Vec:1",1319.7,kH/s
2026-01-12T10:42:44+01:00,24,,3,"Speed.#1.........:  1318.2 kH/s (56.53ms) @ Accel:256 Loops:124 Thr:32 Vec:1",1318.2,kH/s
2026-01-12T10:42:48+01:00,25,,3,"Speed.#1.........:  1317.9 kH/s (50.46ms) @ Accel:16 Loops:249 Thr:256 Vec:1",1317.9,kH/s
2026-01-12T10:42:52+01:00,26,,3,"Speed.#1.........:  1309.3 kH/s (50.83ms) @ Accel:128 Loops:249 Thr:32 Vec:1",1309.3,kH/s
2026-01-12T10:42:56+01:00,27,,3,"Speed.#1.........:  1324.5 kH/s (56.23ms) @ Accel:16 Loops:124 Thr:512 Vec:1",1324.5,kH/s
2026-01-12T10:43:00+01:00,28,,3,"Speed.#1.........:  1259.2 kH/s (62.54ms) @ Accel:2 Loops:999 Thr:512 Vec:1",1259.2,kH/s
2026-01-12T10:43:04+01:00,29,,3,"Speed.#1.........:  1295.1 kH/s (42.00ms) @ Accel:8 Loops:499 Thr:256 Vec:1",1295.1,kH/s
2026-01-12T10:43:07+01:00,30,,3,"Speed.#1.........:  1297.0 kH/s (41.94ms) @ Accel:8 Loops:499 Thr:256 Vec:1",1297.0,kH/s
2026-01-12T10:43:11+01:00,31,,3,"Speed.#1.........:  1297.7 kH/s (41.93ms) @ Accel:8 Loops:499 Thr:256 Vec:1",1297.7,kH/s
2026-01-12T10:43:15+01:00,32,,3,"Speed.#1.........:  1258.2 kH/s (62.48ms) @ Accel:4 Loops:999 Thr:256 Vec:1",1258.2,kH/s
2026-01-12T10:43:18+01:00,33,,3,"Speed.#1.........:  1259.1 kH/s (62.50ms) @ Accel:4 Loops:999 Thr:256 Vec:1",1259.1,kH/s
2026-01-12T10:43:22+01:00,34,,3,"Speed.#1.........:  1294.1 kH/s (41.98ms) @ Accel:4 Loops:499 Thr:512 Vec:1",1294.1,kH/s
2026-01-12T10:43:26+01:00,35,,3,"Speed.#1.........:  1314.9 kH/s (50.49ms) @ Accel:8 Loops:249 Thr:512 Vec:1",1314.9,kH/s
2026-01-12T10:43:30+01:00,36,,3,"Speed.#1.........:  1323.3 kH/s (56.25ms) @ Accel:16 Loops:124 Thr:512 Vec:1",1323.3,kH/s
2026-01-12T10:43:34+01:00,37,,3,"Speed.#1.........:  1322.1 kH/s (56.30ms) @ Accel:16 Loops:124 Thr:512 Vec:1",1322.1,kH/s
2026-01-12T10:43:38+01:00,38,,3,"Speed.#1.........:  1322.8 kH/s (56.33ms) @ Accel:32 Loops:124 Thr:256 Vec:1",1322.8,kH/s
2026-01-12T10:43:42+01:00,39,,3,"Speed.#1.........:  1321.8 kH/s (56.32ms) @ Accel:32 Loops:124 Thr:256 Vec:1",1321.8,kH/s
2026-01-12T10:43:47+01:00,40,,3,"Speed.#1.........:  1315.5 kH/s (56.61ms) @ Accel:16 Loops:124 Thr:512 Vec:1",1315.5,kH/s
2026-01-12T10:43:51+01:00,41,,3,"Speed.#1.........:  1314.7 kH/s (56.63ms) @ Accel:16 Loops:124 Thr:512 Vec:1",1314.7,kH/s
2026-01-12T10:43:55+01:00,42,,3,"Speed.#1.........:  1317.0 kH/s (56.57ms) @ Accel:16 Loops:124 Thr:512 Vec:1",1317.0,kH/s
2026-01-12T10:43:59+01:00,43,,3,"Speed.#1.........:  1315.0 kH/s (56.66ms) @ Accel:16 Loops:124 Thr:512 Vec:1",1315.0,kH/s
2026-01-12T10:44:04+01:00,44,,3,"Speed.#1.........:  1316.0 kH/s (56.59ms) @ Accel:16 Loops:124 Thr:512 Vec:1",1316.0,kH/s
2026-01-12T10:44:08+01:00,45,,3,"Speed.#1.........:  1315.7 kH/s (56.62ms) @ Accel:16 Loops:124 Thr:512 Vec:1",1315.7,kH/s
2026-01-12T10:44:12+01:00,46,,3,"Speed.#1.........:  1308.9 kH/s (56.94ms) @ Accel:16 Loops:124 Thr:512 Vec:1",1308.9,kH/s
2026-01-12T10:44:16+01:00,47,,3,"Speed.#1.........:  1314.5 kH/s (56.68ms) @ Accel:16 Loops:124 Thr:512 Vec:1",1314.5,kH/s
2026-01-12T10:44:21+01:00,48,,3,"Speed.#1.........:  1315.2 kH/s (56.69ms) @ Accel:16 Loops:124 Thr:512 Vec:1",1315.2,kH/s
2026-01-12T10:44:25+01:00,49,,3,"Speed.#1.........:  1314.0 kH/s (56.71ms) @ Accel:16 Loops:124 Thr:512 Vec:1",1314.0,kH/s
2026-01-12T10:44:29+01:00,50,,3,"Speed.#1.........:  1313.7 kH/s (56.74ms) @ Accel:16 Loops:124 Thr:512 Vec:1",1313.7,kH/s
2026-01-12T10:44:33+01:00,51,,3,"Speed.#1.........:  1317.0 kH/s (56.62ms) @ Accel:16 Loops:124 Thr:512 Vec:1",1317.0,kH/s
2026-01-12T10:44:37+01:00,52,,3,"Speed.#1.........:  1316.3 kH/s (56.63ms) @ Accel:16 Loops:124 Thr:512 Vec:1",1316.3,kH/s
2026-01-12T10:44:42+01:00,53,,3,"Speed.#1.........:  1315.1 kH/s (56.65ms) @ Accel:16 Loops:124 Thr:512 Vec:1",1315.1,kH/s
2026-01-12T10:44:46+01:00,54,,3,"Speed.#1.........:  1313.8 kH/s (56.72ms) @ Accel:16 Loops:124 Thr:512 Vec:1",1313.8,kH/s
2026-01-12T10:44:50+01:00,55,,3,"Speed.#1.........:  1314.3 kH/s (56.65ms) @ Accel:16 Loops:124 Thr:512 Vec:1",1314.3,kH/s
2026-01-12T10:44:54+01:00,56,,3,"Speed.#1.........:  1313.8 kH/s (56.78ms) @ Accel:16 Loops:124 Thr:512 Vec:1",1313.8,kH/s
2026-01-12T10:44:59+01:00,57,,3,"Speed.#1.........:  1313.0 kH/s (56.73ms) @ Accel:16 Loops:124 Thr:512 Vec:1",1313.0,kH/s
2026-01-12T10:45:03+01:00,58,,3,"Speed.#1.........:  1314.9 kH/s (56.68ms) @ Accel:16 Loops:124 Thr:512 Vec:1",1314.9,kH/s
2026-01-12T10:45:07+01:00,59,,3,"Speed.#1.........:  1315.5 kH/s (56.68ms) @ Accel:16 Loops:124 Thr:512 Vec:1",1315.5,kH/s
2026-01-12T10:45:11+01:00,60,,3,"Speed.#1.........:  1315.1 kH/s (56.67ms) @ Accel:16 Loops:124 Thr:512 Vec:1",1315.1,kH/s
2026-01-12T10:45:16+01:00,61,,3,"Speed.#1.........:  1313.1 kH/s (56.73ms) @ Accel:16 Loops:124 Thr:512 Vec:1",1313.1,kH/s
2026-01-12T10:45:20+01:00,62,,3,"Speed.#1.........:  1313.4 kH/s (56.73ms) @ Accel:16 Loops:124 Thr:512 Vec:1",1313.4,kH/s
2026-01-12T10:45:24+01:00,63,,3,"Speed.#1.........:  1314.5 kH/s (56.68ms) @ Accel:16 Loops:124 Thr:512 Vec:1",1314.5,kH/s
2026-01-12T10:45:28+01:00,64,,3,"Speed.#1.........:  1314.6 kH/s (56.65ms) @ Accel:16 Loops:124 Thr:512 Vec:1",1314.6,kH/s
2026-01-12T10:45:33+01:00,65,,3,"Speed.#1.........:  1315.0 kH/s (56.65ms) @ Accel:16 Loops:124 Thr:512 Vec:1",1315.0,kH/s
2026-01-12T10:45:37+01:00,66,,3,"Speed.#1.........:  1314.6 kH/s (56.69ms) @ Accel:16 Loops:124 Thr:512 Vec:1",1314.6,kH/s
2026-01-12T10:45:41+01:00,67,,3,"Speed.#1.........:  1313.0 kH/s (56.72ms) @ Accel:16 Loops:124 Thr:512 Vec:1",1313.0,kH/s
2026-01-12T10:45:45+01:00,68,,3,"Speed.#1.........:  1313.3 kH/s (56.71ms) @ Accel:16 Loops:124 Thr:512 Vec:1",1313.3,kH/s
2026-01-12T10:45:49+01:00,69,,3,"Speed.#1.........:  1313.4 kH/s (56.73ms) @ Accel:16 Loops:124 Thr:512 Vec:1",1313.4,kH/s
2026-01-12T10:45:54+01:00,70,,3,"Speed.#1.........:  1308.5 kH/s (56.92ms) @ Accel:16 Loops:124 Thr:512 Vec:1",1308.5,kH/s
2026-01-12T10:45:58+01:00,71,,3,"Speed.#1.........:  1315.8 kH/s (56.65ms) @ Accel:16 Loops:124 Thr:512 Vec:1",1315.8,kH/s
2026-01-12T10:46:02+01:00,72,,3,"Speed.#1.........:  1308.0 kH/s (56.98ms) @ Accel:128 Loops:124 Thr:64 Vec:1",1308.0,kH/s
2026-01-12T10:46:07+01:00,73,,3,"Speed.#1.........:  1313.8 kH/s (56.69ms) @ Accel:16 Loops:124 Thr:512 Vec:1",1313.8,kH/s
2026-01-12T10:46:11+01:00,74,,3,"Speed.#1.........:  1312.5 kH/s (56.80ms) @ Accel:16 Loops:124 Thr:512 Vec:1",1312.5,kH/s
2026-01-12T10:46:15+01:00,75,,3,"Speed.#1.........:  1315.4 kH/s (56.66ms) @ Accel:16 Loops:124 Thr:512 Vec:1",1315.4,kH/s
2026-01-12T10:46:19+01:00,76,,3,"Speed.#1.........:  1314.8 kH/s (56.70ms) @ Accel:16 Loops:124 Thr:512 Vec:1",1314.8,kH/s
2026-01-12T10:46:24+01:00,77,,3,"Speed.#1.........:  1317.1 kH/s (56.62ms) @ Accel:32 Loops:124 Thr:256 Vec:1",1317.1,kH/s
2026-01-12T10:46:28+01:00,78,,3,"Speed.#1.........:  1317.6 kH/s (56.60ms) @ Accel:16 Loops:124 Thr:512 Vec:1",1317.6,kH/s
2026-01-12T10:46:32+01:00,79,,3,"Speed.#1.........:  1315.1 kH/s (56.68ms) @ Accel:16 Loops:124 Thr:512 Vec:1",1315.1,kH/s
2026-01-12T10:46:36+01:00,80,,3,"Speed.#1.........:  1309.9 kH/s (56.90ms) @ Accel:16 Loops:124 Thr:512 Vec:1",1309.9,kH/s
2026-01-12T10:46:40+01:00,81,,3,"Speed.#1.........:  1313.4 kH/s (56.71ms) @ Accel:16 Loops:124 Thr:512 Vec:1",1313.4,kH/s
2026-01-12T10:46:45+01:00,82,,3,"Speed.#1.........:  1317.0 kH/s (56.64ms) @ Accel:16 Loops:124 Thr:512 Vec:1",1317.0,kH/s
2026-01-12T10:46:49+01:00,83,,3,"Speed.#1.........:  1315.0 kH/s (56.68ms) @ Accel:16 Loops:124 Thr:512 Vec:1",1315.0,kH/s
2026-01-12T10:46:53+01:00,84,,3,"Speed.#1.........:  1315.8 kH/s (56.62ms) @ Accel:16 Loops:124 Thr:512 Vec:1",1315.8,kH/s
2026-01-12T10:46:57+01:00,85,,3,"Speed.#1.........:  1315.0 kH/s (56.64ms) @ Accel:16 Loops:124 Thr:512 Vec:1",1315.0,kH/s
2026-01-12T10:47:02+01:00,86,,3,"Speed.#1.........:  1314.1 kH/s (56.64ms) @ Accel:16 Loops:124 Thr:512 Vec:1",1314.1,kH/s
2026-01-12T10:47:06+01:00,87,,3,"Speed.#1.........:  1311.8 kH/s (56.81ms) @ Accel:16 Loops:124 Thr:512 Vec:1",1311.8,kH/s
2026-01-12T10:47:10+01:00,88,,3,"Speed.#1.........:  1249.9 kH/s (62.95ms) @ Accel:2 Loops:999 Thr:512 Vec:1",1249.9,kH/s
2026-01-12T10:47:14+01:00,89,,3,"Speed.#1.........:  1316.0 kH/s (56.57ms) @ Accel:16 Loops:124 Thr:512 Vec:1",1316.0,kH/s
2026-01-12T10:47:18+01:00,90,,3,"Speed.#1.........:  1314.9 kH/s (56.68ms) @ Accel:16 Loops:124 Thr:512 Vec:1",1314.9,kH/s
2026-01-12T10:47:22+01:00,91,,3,"Speed.#1.........:  1314.8 kH/s (56.64ms) @ Accel:16 Loops:124 Thr:512 Vec:1",1314.8,kH/s
2026-01-12T10:47:27+01:00,92,,3,"Speed.#1.........:  1315.6 kH/s (56.61ms) @ Accel:16 Loops:124 Thr:512 Vec:1",1315.6,kH/s
2026-01-12T10:47:31+01:00,93,,3,"Speed.#1.........:  1309.3 kH/s (56.86ms) @ Accel:16 Loops:124 Thr:512 Vec:1",1309.3,kH/s
2026-01-12T10:47:35+01:00,94,,3,"Speed.#1.........:  1313.1 kH/s (56.68ms) @ Accel:16 Loops:124 Thr:512 Vec:1",1313.1,kH/s
2026-01-12T10:47:39+01:00,95,,3,"Speed.#1.........:  1315.2 kH/s (56.60ms) @ Accel:16 Loops:124 Thr:512 Vec:1",1315.2,kH/s
2026-01-12T10:47:44+01:00,96,,3,"Speed.#1.........:  1315.2 kH/s (56.68ms) @ Accel:16 Loops:124 Thr:512 Vec:1",1315.2,kH/s
2026-01-12T10:47:48+01:00,97,,3,"Speed.#1.........:  1313.7 kH/s (56.67ms) @ Accel:16 Loops:124 Thr:512 Vec:1",1313.7,kH/s
2026-01-12T10:47:52+01:00,98,,3,"Speed.#1.........:  1312.0 kH/s (56.74ms) @ Accel:16 Loops:124 Thr:512 Vec:1",1312.0,kH/s
2026-01-12T10:47:56+01:00,99,,3,"Speed.#1.........:  1316.6 kH/s (56.55ms) @ Accel:16 Loops:124 Thr:512 Vec:1",1316.6,kH/s
2026-01-12T10:48:01+01:00,100,,3,"Speed.#1.........:  1313.1 kH/s (56.71ms) @ Accel:16 Loops:124 Thr:512 Vec:1",1313.1,kH/s
2026-01-12T10:48:05+01:00,101,,3,"Speed.#1.........:  1313.6 kH/s (56.71ms) @ Accel:16 Loops:124 Thr:512 Vec:1",1313.6,kH/s
2026-01-12T10:48:09+01:00,102,,3,"Speed.#1.........:  1314.2 kH/s (56.67ms) @ Accel:16 Loops:124 Thr:512 Vec:1",1314.2,kH/s
2026-01-12T10:48:13+01:00,103,,3,"Speed.#1.........:  1315.8 kH/s (56.68ms) @ Accel:16 Loops:124 Thr:512 Vec:1",1315.8,kH/s
2026-01-12T10:48:18+01:00,104,,3,"Speed.#1.........:  1314.5 kH/s (56.73ms) @ Accel:16 Loops:124 Thr:512 Vec:1",1314.5,kH/s
2026-01-12T10:48:22+01:00,105,,3,"Speed.#1.........:  1316.9 kH/s (56.68ms) @ Accel:16 Loops:124 Thr:512 Vec:1",1316.9,kH/s
2026-01-12T10:48:26+01:00,106,,3,"Speed.#1.........:  1315.8 kH/s (56.68ms) @ Accel:16 Loops:124 Thr:512 Vec:1",1315.8,kH/s
2026-01-12T10:48:30+01:00,107,,3,"Speed.#1.........:  1314.5 kH/s (56.67ms) @ Accel:16 Loops:124 Thr:512 Vec:1",1314.5,kH/s
2026-01-12T10:48:35+01:00,108,,3,"Speed.#1.........:  1314.7 kH/s (56.65ms) @ Accel:16 Loops:124 Thr:512 Vec:1",1314.7,kH/s
2026-01-12T10:48:39+01:00,109,,3,"Speed.#1.........:  1250.5 kH/s (63.00ms) @ Accel:2 Loops:999 Thr:512 Vec:1",1250.5,kH/s
2026-01-12T10:48:42+01:00,110,,3,"Speed.#1.........:  1315.1 kH/s (56.65ms) @ Accel:16 Loops:124 Thr:512 Vec:1",1315.1,kH/s
2026-01-12T10:48:47+01:00,111,,3,"Speed.#1.........:  1317.9 kH/s (56.52ms) @ Accel:16 Loops:124 Thr:512 Vec:1",1317.9,kH/s
2026-01-12T10:48:51+01:00,112,,3,"Speed.#1.........:  1311.0 kH/s (56.82ms) @ Accel:16 Loops:124 Thr:512 Vec:1",1311.0,kH/s
2026-01-12T10:48:55+01:00,113,,3,"Speed.#1.........:  1316.7 kH/s (56.53ms) @ Accel:16 Loops:124 Thr:512 Vec:1",1316.7,kH/s
2026-01-12T10:48:59+01:00,114,,3,"Speed.#1.........:  1315.9 kH/s (56.58ms) @ Accel:16 Loops:124 Thr:512 Vec:1",1315.9,kH/s
2026-01-12T10:49:04+01:00,115,,3,"Speed.#1.........:  1314.1 kH/s (56.66ms) @ Accel:16 Loops:124 Thr:512 Vec:1",1314.1,kH/s
2026-01-12T10:49:08+01:00,116,,3,"Speed.#1.........:  1316.2 kH/s (56.58ms) @ Accel:16 Loops:124 Thr:512 Vec:1",1316.2,kH/s
2026-01-12T10:49:12+01:00,117,,3,"Speed.#1.........:  1315.0 kH/s (56.61ms) @ Accel:16 Loops:124 Thr:512 Vec:1",1315.0,kH/s
2026-01-12T10:49:16+01:00,118,,3,"Speed.#1.........:  1316.3 kH/s (56.65ms) @ Accel:16 Loops:124 Thr:512 Vec:1",1316.3,kH/s
2026-01-12T10:49:21+01:00,119,,3,"Speed.#1.........:  1319.4 kH/s (56.51ms) @ Accel:16 Loops:124 Thr:512 Vec:1",1319.4,kH/s
2026-01-12T10:49:25+01:00,120,,3,"Speed.#1.........:  1317.5 kH/s (56.58ms) @ Accel:16 Loops:124 Thr:512 Vec:1",1317.5,kH/s
2026-01-12T10:49:29+01:00,121,,3,"Speed.#1.........:  1316.6 kH/s (56.61ms) @ Accel:16 Loops:124 Thr:512 Vec:1",1316.6,kH/s
2026-01-12T10:49:33+01:00,122,,3,"Speed.#1.........:  1316.2 kH/s (56.58ms) @ Accel:16 Loops:124 Thr:512 Vec:1",1316.2,kH/s
2026-01-12T10:49:38+01:00,123,,3,"Speed.#1.........:  1317.2 kH/s (56.55ms) @ Accel:32 Loops:124 Thr:256 Vec:1",1317.2,kH/s
2026-01-12T10:49:42+01:00,124,,3,"Speed.#1.........:  1313.0 kH/s (56.69ms) @ Accel:16 Loops:124 Thr:512 Vec:1",1313.0,kH/s
2026-01-12T10:49:46+01:00,125,,3,"Speed.#1.........:  1314.7 kH/s (56.64ms) @ Accel:16 Loops:124 Thr:512 Vec:1",1314.7,kH/s
2026-01-12T10:49:50+01:00,126,,3,"Speed.#1.........:  1310.0 kH/s (50.71ms) @ Accel:8 Loops:249 Thr:512 Vec:1",1310.0,kH/s
2026-01-12T10:49:54+01:00,127,,3,"Speed.#1.........:  1314.7 kH/s (56.63ms) @ Accel:16 Loops:124 Thr:512 Vec:1",1314.7,kH/s
2026-01-12T10:49:59+01:00,128,,3,"Speed.#1.........:  1314.8 kH/s (56.63ms) @ Accel:16 Loops:124 Thr:512 Vec:1",1314.8,kH/s
2026-01-12T10:50:03+01:00,129,,3,"Speed.#1.........:  1316.6 kH/s (56.65ms) @ Accel:16 Loops:124 Thr:512 Vec:1",1316.6,kH/s
2026-01-12T10:50:07+01:00,130,,3,"Speed.#1.........:  1317.9 kH/s (56.61ms) @ Accel:16 Loops:124 Thr:512 Vec:1",1317.9,kH/s
2026-01-12T10:50:11+01:00,131,,3,"Speed.#1.........:  1318.2 kH/s (56.67ms) @ Accel:16 Loops:124 Thr:512 Vec:1",1318.2,kH/s
2026-01-12T10:50:15+01:00,132,,3,"Speed.#1.........:  1313.9 kH/s (56.68ms) @ Accel:16 Loops:124 Thr:512 Vec:1",1313.9,kH/s
2026-01-12T10:50:20+01:00,133,,3,"Speed.#1.........:  1314.2 kH/s (56.65ms) @ Accel:16 Loops:124 Thr:512 Vec:1",1314.2,kH/s
2026-01-12T10:50:24+01:00,134,,3,"Speed.#1.........:  1315.1 kH/s (56.69ms) @ Accel:16 Loops:124 Thr:512 Vec:1",1315.1,kH/s
2026-01-12T10:50:28+01:00,135,,3,"Speed.#1.........:  1316.2 kH/s (56.59ms) @ Accel:16 Loops:124 Thr:512 Vec:1",1316.2,kH/s
2026-01-12T10:50:32+01:00,136,,3,"Speed.#1.........:  1312.9 kH/s (56.74ms) @ Accel:16 Loops:124 Thr:512 Vec:1",1312.9,kH/s
2026-01-12T10:50:37+01:00,137,,3,"Speed.#1.........:  1316.2 kH/s (56.59ms) @ Accel:16 Loops:124 Thr:512 Vec:1",1316.2,kH/s
2026-01-12T10:50:41+01:00,138,,3,"Speed.#1.........:  1316.9 kH/s (56.63ms) @ Accel:16 Loops:124 Thr:512 Vec:1",1316.9,kH/s
2026-01-12T10:50:45+01:00,139,,3,"Speed.#1.........:  1316.0 kH/s (56.66ms) @ Accel:16 Loops:124 Thr:512 Vec:1",1316.0,kH/s
2026-01-12T10:50:49+01:00,140,,3,"Speed.#1.........:  1315.8 kH/s (56.59ms) @ Accel:16 Loops:124 Thr:512 Vec:1",1315.8,kH/s
2026-01-12T10:50:54+01:00,141,,3,"Speed.#1.........:  1315.5 kH/s (56.60ms) @ Accel:16 Loops:124 Thr:512 Vec:1",1315.5,kH/s
2026-01-12T10:50:58+01:00,142,,3,"Speed.#1.........:  1316.7 kH/s (56.56ms) @ Accel:16 Loops:124 Thr:512 Vec:1",1316.7,kH/s
2026-01-12T10:51:02+01:00,143,,3,"Speed.#1.........:  1290.0 kH/s (42.17ms) @ Accel:4 Loops:499 Thr:512 Vec:1",1290.0,kH/s
2026-01-12T10:51:06+01:00,144,,3,"Speed.#1.........:  1314.0 kH/s (56.68ms) @ Accel:16 Loops:124 Thr:512 Vec:1",1314.0,kH/s
2026-01-12T10:51:10+01:00,145,,3,"Speed.#1.........:  1316.2 kH/s (56.59ms) @ Accel:16 Loops:124 Thr:512 Vec:1",1316.2,kH/s
2026-01-12T10:51:14+01:00,146,,3,"Speed.#1.........:  1315.7 kH/s (56.61ms) @ Accel:16 Loops:124 Thr:512 Vec:1",1315.7,kH/s
2026-01-12T10:51:19+01:00,147,,3,"Speed.#1.........:  1316.0 kH/s (56.71ms) @ Accel:16 Loops:124 Thr:512 Vec:1",1316.0,kH/s
2026-01-12T10:51:23+01:00,148,,3,"Speed.#1.........:  1314.8 kH/s (56.67ms) @ Accel:16 Loops:124 Thr:512 Vec:1",1314.8,kH/s
2026-01-12T10:51:27+01:00,149,,3,"Speed.#1.........:  1314.4 kH/s (56.67ms) @ Accel:16 Loops:124 Thr:512 Vec:1",1314.4,kH/s
2026-01-12T10:51:31+01:00,150,,3,"Speed.#1.........:  1313.5 kH/s (56.69ms) @ Accel:16 Loops:124 Thr:512 Vec:1",1313.5,kH/s
2026-01-12T10:51:36+01:00,151,,3,"Speed.#1.........:  1313.3 kH/s (56.72ms) @ Accel:16 Loops:124 Thr:512 Vec:1",1313.3,kH/s
2026-01-12T10:51:40+01:00,152,,3,"Speed.#1.........:  1318.4 kH/s (56.55ms) @ Accel:16 Loops:124 Thr:512 Vec:1",1318.4,kH/s
2026-01-12T10:51:44+01:00,153,,3,"Speed.#1.........:  1315.6 kH/s (56.67ms) @ Accel:16 Loops:124 Thr:512 Vec:1",1315.6,kH/s
2026-01-12T10:51:48+01:00,154,,3,"Speed.#1.........:  1318.0 kH/s (56.61ms) @ Accel:16 Loops:124 Thr:512 Vec:1",1318.0,kH/s
2026-01-12T10:51:53+01:00,155,,3,"Speed.#1.........:  1315.5 kH/s (56.69ms) @ Accel:16 Loops:124 Thr:512 Vec:1",1315.5,kH/s
2026-01-12T10:51:57+01:00,156,,3,"Speed.#1.........:  1311.2 kH/s (56.88ms) @ Accel:16 Loops:124 Thr:512 Vec:1",1311.2,kH/s
2026-01-12T10:52:01+01:00,157,,3,"Speed.#1.........:  1315.7 kH/s (56.60ms) @ Accel:16 Loops:124 Thr:512 Vec:1",1315.7,kH/s
2026-01-12T10:52:05+01:00,158,,3,"Speed.#1.........:  1318.1 kH/s (56.66ms) @ Accel:16 Loops:124 Thr:512 Vec:1",1318.1,kH/s
2026-01-12T10:52:10+01:00,159,,3,"Speed.#1.........:  1316.2 kH/s (56.60ms) @ Accel:16 Loops:124 Thr:512 Vec:1",1316.2,kH/s
2026-01-12T10:52:14+01:00,160,,3,"Speed.#1.........:  1313.2 kH/s (56.84ms) @ Accel:16 Loops:124 Thr:512 Vec:1",1313.2,kH/s
2026-01-12T10:52:18+01:00,161,,3,"Speed.#1.........:  1315.7 kH/s (56.70ms) @ Accel:16 Loops:124 Thr:512 Vec:1",1315.7,kH/s
2026-01-12T10:52:22+01:00,162,,3,"Speed.#1.........:  1316.6 kH/s (56.63ms) @ Accel:16 Loops:124 Thr:512 Vec:1",1316.6,kH/s
2026-01-12T10:52:27+01:00,163,,3,"Speed.#1.........:  1315.7 kH/s (56.62ms) @ Accel:16 Loops:124 Thr:512 Vec:1",1315.7,kH/s
2026-01-12T10:52:31+01:00,164,,3,"Speed.#1.........:  1317.6 kH/s (56.61ms) @ Accel:16 Loops:124 Thr:512 Vec:1",1317.6,kH/s
2026-01-12T10:52:35+01:00,165,,3,"Speed.#1.........:  1317.9 kH/s (56.51ms) @ Accel:16 Loops:124 Thr:512 Vec:1",1317.9,kH/s
2026-01-12T10:52:39+01:00,166,,3,"Speed.#1.........:  1318.1 kH/s (56.58ms) @ Accel:16 Loops:124 Thr:512 Vec:1",1318.1,kH/s
2026-01-12T10:52:44+01:00,167,,3,"Speed.#1.........:  1312.6 kH/s (56.74ms) @ Accel:16 Loops:124 Thr:512 Vec:1",1312.6,kH/s
2026-01-12T10:52:48+01:00,168,,3,"Speed.#1.........:  1319.1 kH/s (56.61ms) @ Accel:16 Loops:124 Thr:512 Vec:1",1319.1,kH/s
2026-01-12T10:52:52+01:00,169,,3,"Speed.#1.........:  1317.6 kH/s (56.59ms) @ Accel:16 Loops:124 Thr:512 Vec:1",1317.6,kH/s
2026-01-12T10:52:56+01:00,170,,3,"Speed.#1.........:  1312.6 kH/s (56.72ms) @ Accel:16 Loops:124 Thr:512 Vec:1",1312.6,kH/s
2026-01-12T10:53:00+01:00,171,,3,"Speed.#1.........:  1318.5 kH/s (56.49ms) @ Accel:32 Loops:124 Thr:256 Vec:1",1318.5,kH/s
2026-01-12T10:53:05+01:00,172,,3,"Speed.#1.........:  1291.8 kH/s (42.05ms) @ Accel:4 Loops:499 Thr:512 Vec:1",1291.8,kH/s
2026-01-12T10:53:08+01:00,173,,3,"Speed.#1.........:  1315.1 kH/s (56.67ms) @ Accel:16 Loops:124 Thr:512 Vec:1",1315.1,kH/s
2026-01-12T10:53:13+01:00,174,,3,"Speed.#1.........:  1316.7 kH/s (56.61ms) @ Accel:16 Loops:124 Thr:512 Vec:1",1316.7,kH/s
2026-01-12T10:53:17+01:00,175,,3,"Speed.#1.........:  1316.0 kH/s (56.61ms) @ Accel:16 Loops:124 Thr:512 Vec:1",1316.0,kH/s
2026-01-12T10:53:21+01:00,176,,3,"Speed.#1.........:  1288.1 kH/s (42.21ms) @ Accel:4 Loops:499 Thr:512 Vec:1",1288.1,kH/s
2026-01-12T10:53:25+01:00,177,,3,"Speed.#1.........:  1292.5 kH/s (41.98ms) @ Accel:4 Loops:499 Thr:512 Vec:1",1292.5,kH/s
2026-01-12T10:53:29+01:00,178,,3,"Speed.#1.........:  1317.9 kH/s (56.49ms) @ Accel:32 Loops:124 Thr:256 Vec:1",1317.9,kH/s
2026-01-12T10:53:33+01:00,179,,3,"Speed.#1.........:  1319.9 kH/s (56.42ms) @ Accel:32 Loops:124 Thr:256 Vec:1",1319.9,kH/s
2026-01-12T10:53:37+01:00,180,,3,"Speed.#1.........:  1289.5 kH/s (42.14ms) @ Accel:4 Loops:499 Thr:512 Vec:1",1289.5,kH/s
2026-01-12T10:53:41+01:00,181,,3,"Speed.#1.........:  1314.1 kH/s (56.74ms) @ Accel:16 Loops:124 Thr:512 Vec:1",1314.1,kH/s
2026-01-12T10:53:45+01:00,182,,3,"Speed.#1.........:  1294.6 kH/s (41.99ms) @ Accel:4 Loops:499 Thr:512 Vec:1",1294.6,kH/s
2026-01-12T10:53:49+01:00,183,,3,"Speed.#1.........:  1313.7 kH/s (56.67ms) @ Accel:16 Loops:124 Thr:512 Vec:1",1313.7,kH/s
2026-01-12T10:53:53+01:00,184,,3,"Speed.#1.........:  1315.0 kH/s (56.63ms) @ Accel:16 Loops:124 Thr:512 Vec:1",1315.0,kH/s
2026-01-12T10:53:57+01:00,185,,3,"Speed.#1.........:  1254.9 kH/s (62.78ms) @ Accel:2 Loops:999 Thr:512 Vec:1",1254.9,kH/s
2026-01-12T10:54:01+01:00,186,,3,"Speed.#1.........:  1314.6 kH/s (56.71ms) @ Accel:16 Loops:124 Thr:512 Vec:1",1314.6,kH/s
2026-01-12T10:54:05+01:00,187,,3,"Speed.#1.........:  1317.9 kH/s (56.57ms) @ Accel:16 Loops:124 Thr:512 Vec:1",1317.9,kH/s
2026-01-12T10:54:09+01:00,188,,3,"Speed.#1.........:  1319.2 kH/s (56.49ms) @ Accel:32 Loops:124 Thr:256 Vec:1",1319.2,kH/s
2026-01-12T10:54:14+01:00,189,,3,"Speed.#1.........:  1290.1 kH/s (42.13ms) @ Accel:4 Loops:499 Thr:512 Vec:1",1290.1,kH/s
2026-01-12T10:54:17+01:00,190,,3,"Speed.#1.........:  1314.7 kH/s (56.68ms) @ Accel:16 Loops:124 Thr:512 Vec:1",1314.7,kH/s
2026-01-12T10:54:21+01:00,191,,3,"Speed.#1.........:  1288.7 kH/s (42.12ms) @ Accel:4 Loops:499 Thr:512 Vec:1",1288.7,kH/s
2026-01-12T10:54:25+01:00,192,,3,"Speed.#1.........:  1292.1 kH/s (42.05ms) @ Accel:4 Loops:499 Thr:512 Vec:1",1292.1,kH/s
2026-01-12T10:54:29+01:00,193,,3,"Speed.#1.........:  1287.3 kH/s (42.24ms) @ Accel:4 Loops:499 Thr:512 Vec:1",1287.3,kH/s
2026-01-12T10:54:33+01:00,194,,3,"Speed.#1.........:  1316.6 kH/s (56.65ms) @ Accel:16 Loops:124 Thr:512 Vec:1",1316.6,kH/s
2026-01-12T10:54:37+01:00,195,,3,"Speed.#1.........:  1292.7 kH/s (42.08ms) @ Accel:4 Loops:499 Thr:512 Vec:1",1292.7,kH/s
2026-01-12T10:54:41+01:00,196,,3,"Speed.#1.........:  1294.9 kH/s (41.97ms) @ Accel:4 Loops:499 Thr:512 Vec:1",1294.9,kH/s
2026-01-12T10:54:44+01:00,197,,3,"Speed.#1.........:  1291.2 kH/s (42.08ms) @ Accel:4 Loops:499 Thr:512 Vec:1",1291.2,kH/s
2026-01-12T10:54:48+01:00,198,,3,"Speed.#1.........:  1322.7 kH/s (56.36ms) @ Accel:32 Loops:124 Thr:256 Vec:1",1322.7,kH/s
2026-01-12T10:54:52+01:00,199,,3,"Speed.#1.........:  1292.0 kH/s (42.11ms) @ Accel:4 Loops:499 Thr:512 Vec:1",1292.0,kH/s
2026-01-12T10:54:56+01:00,200,,3,"Speed.#1.........:  1316.1 kH/s (56.59ms) @ Accel:16 Loops:124 Thr:512 Vec:1",1316.1,kH/s
2026-01-12T10:55:00+01:00,201,,3,"Speed.#1.........:  1314.9 kH/s (56.72ms) @ Accel:16 Loops:124 Thr:512 Vec:1",1314.9,kH/s
2026-01-12T10:55:05+01:00,202,,3,"Speed.#1.........:  1316.6 kH/s (56.63ms) @ Accel:16 Loops:124 Thr:512 Vec:1",1316.6,kH/s
2026-01-12T10:55:09+01:00,203,,3,"Speed.#1.........:  1315.6 kH/s (56.72ms) @ Accel:16 Loops:124 Thr:512 Vec:1",1315.6,kH/s
2026-01-12T10:55:13+01:00,204,,3,"Speed.#1.........:  1257.0 kH/s (62.75ms) @ Accel:2 Loops:999 Thr:512 Vec:1",1257.0,kH/s
2026-01-12T10:55:17+01:00,205,,3,"Speed.#1.........:  1316.0 kH/s (56.57ms) @ Accel:16 Loops:124 Thr:512 Vec:1",1316.0,kH/s
2026-01-12T10:55:21+01:00,206,,3,"Speed.#1.........:  1316.3 kH/s (56.67ms) @ Accel:16 Loops:124 Thr:512 Vec:1",1316.3,kH/s
2026-01-12T10:55:25+01:00,207,,3,"Speed.#1.........:  1317.2 kH/s (56.63ms) @ Accel:16 Loops:124 Thr:512 Vec:1",1317.2,kH/s
2026-01-12T10:55:29+01:00,208,,3,"Speed.#1.........:  1291.1 kH/s (42.09ms) @ Accel:4 Loops:499 Thr:512 Vec:1",1291.1,kH/s
2026-01-12T10:55:33+01:00,209,,3,"Speed.#1.........:  1314.8 kH/s (56.65ms) @ Accel:16 Loops:124 Thr:512 Vec:1",1314.8,kH/s
2026-01-12T10:55:37+01:00,210,,3,"Speed.#1.........:  1315.1 kH/s (56.66ms) @ Accel:16 Loops:124 Thr:512 Vec:1",1315.1,kH/s
2026-01-12T10:55:42+01:00,211,,3,"Speed.#1.........:  1312.8 kH/s (50.58ms) @ Accel:8 Loops:249 Thr:512 Vec:1",1312.8,kH/s
2026-01-12T10:55:45+01:00,212,,3,"Speed.#1.........:  1316.1 kH/s (56.61ms) @ Accel:16 Loops:124 Thr:512 Vec:1",1316.1,kH/s
2026-01-12T10:55:50+01:00,213,,3,"Speed.#1.........:  1315.6 kH/s (56.58ms) @ Accel:16 Loops:124 Thr:512 Vec:1",1315.6,kH/s
2026-01-12T10:55:54+01:00,214,,3,"Speed.#1.........:  1315.2 kH/s (56.62ms) @ Accel:16 Loops:124 Thr:512 Vec:1",1315.2,kH/s
2026-01-12T10:55:58+01:00,215,,3,"Speed.#1.........:  1316.7 kH/s (56.61ms) @ Accel:16 Loops:124 Thr:512 Vec:1",1316.7,kH/s
2026-01-12T10:56:02+01:00,216,,3,"Speed.#1.........:  1316.1 kH/s (56.61ms) @ Accel:16 Loops:124 Thr:512 Vec:1",1316.1,kH/s
2026-01-12T10:56:07+01:00,217,,3,"Speed.#1.........:  1315.8 kH/s (56.62ms) @ Accel:16 Loops:124 Thr:512 Vec:1",1315.8,kH/s
2026-01-12T10:56:11+01:00,218,,3,"Speed.#1.........:  1312.2 kH/s (56.82ms) @ Accel:16 Loops:124 Thr:512 Vec:1",1312.2,kH/s
2026-01-12T10:56:15+01:00,219,,3,"Speed.#1.........:  1311.6 kH/s (56.79ms) @ Accel:16 Loops:124 Thr:512 Vec:1",1311.6,kH/s
2026-01-12T10:56:19+01:00,220,,3,"Speed.#1.........:  1313.1 kH/s (56.68ms) @ Accel:16 Loops:124 Thr:512 Vec:1",1313.1,kH/s
2026-01-12T10:56:24+01:00,221,,3,"Speed.#1.........:  1317.1 kH/s (56.57ms) @ Accel:16 Loops:124 Thr:512 Vec:1",1317.1,kH/s
2026-01-12T10:56:28+01:00,222,,3,"Speed.#1.........:  1312.2 kH/s (56.79ms) @ Accel:16 Loops:124 Thr:512 Vec:1",1312.2,kH/s
2026-01-12T10:56:32+01:00,223,,3,"Speed.#1.........:  1310.5 kH/s (56.85ms) @ Accel:16 Loops:124 Thr:512 Vec:1",1310.5,kH/s
2026-01-12T10:56:36+01:00,224,,3,"Speed.#1.........:  1315.0 kH/s (56.62ms) @ Accel:16 Loops:124 Thr:512 Vec:1",1315.0,kH/s
2026-01-12T10:56:41+01:00,225,,3,"Speed.#1.........:  1312.7 kH/s (56.74ms) @ Accel:16 Loops:124 Thr:512 Vec:1",1312.7,kH/s
2026-01-12T10:56:45+01:00,226,,3,"Speed.#1.........:  1314.1 kH/s (56.68ms) @ Accel:16 Loops:124 Thr:512 Vec:1",1314.1,kH/s
2026-01-12T10:56:49+01:00,227,,3,"Speed.#1.........:  1313.6 kH/s (56.67ms) @ Accel:16 Loops:124 Thr:512 Vec:1",1313.6,kH/s
2026-01-12T10:56:53+01:00,228,,3,"Speed.#1.........:  1252.3 kH/s (62.90ms) @ Accel:2 Loops:999 Thr:512 Vec:1",1252.3,kH/s
2026-01-12T10:56:57+01:00,229,,3,"Speed.#1.........:  1316.0 kH/s (56.59ms) @ Accel:16 Loops:124 Thr:512 Vec:1",1316.0,kH/s
2026-01-12T10:57:01+01:00,230,,3,"Speed.#1.........:  1312.9 kH/s (56.73ms) @ Accel:16 Loops:124 Thr:512 Vec:1",1312.9,kH/s
2026-01-12T10:57:05+01:00,231,,3,"Speed.#1.........:  1313.7 kH/s (56.71ms) @ Accel:16 Loops:124 Thr:512 Vec:1",1313.7,kH/s
2026-01-12T10:57:10+01:00,232,,3,"Speed.#1.........:  1291.9 kH/s (42.08ms) @ Accel:4 Loops:499 Thr:512 Vec:1",1291.9,kH/s
2026-01-12T10:57:13+01:00,233,,3,"Speed.#1.........:  1313.9 kH/s (56.66ms) @ Accel:16 Loops:124 Thr:512 Vec:1",1313.9,kH/s
2026-01-12T10:57:18+01:00,234,,3,"Speed.#1.........:  1314.7 kH/s (56.66ms) @ Accel:16 Loops:124 Thr:512 Vec:1",1314.7,kH/s
2026-01-12T10:57:22+01:00,235,,3,"Speed.#1.........:  1306.0 kH/s (50.86ms) @ Accel:8 Loops:249 Thr:512 Vec:1",1306.0,kH/s
2026-01-12T10:57:26+01:00,236,,3,"Speed.#1.........:  1288.8 kH/s (42.14ms) @ Accel:4 Loops:499 Thr:512 Vec:1",1288.8,kH/s
2026-01-12T10:57:30+01:00,237,,3,"Speed.#1.........:  1318.3 kH/s (56.54ms) @ Accel:32 Loops:124 Thr:256 Vec:1",1318.3,kH/s
2026-01-12T10:57:34+01:00,238,,3,"Speed.#1.........:  1315.6 kH/s (56.63ms) @ Accel:16 Loops:124 Thr:512 Vec:1",1315.6,kH/s
2026-01-12T10:57:38+01:00,239,,3,"Speed.#1.........:  1294.4 kH/s (42.02ms) @ Accel:4 Loops:499 Thr:512 Vec:1",1294.4,kH/s
2026-01-12T10:57:42+01:00,240,,3,"Speed.#1.........:  1253.5 kH/s (62.77ms) @ Accel:2 Loops:999 Thr:512 Vec:1",1253.5,kH/s
2026-01-12T10:57:45+01:00,241,,3,"Speed.#1.........:  1295.1 kH/s (42.00ms) @ Accel:4 Loops:499 Thr:512 Vec:1",1295.1,kH/s
2026-01-12T10:57:49+01:00,242,,3,"Speed.#1.........:  1312.9 kH/s (56.74ms) @ Accel:16 Loops:124 Thr:512 Vec:1",1312.9,kH/s
2026-01-12T10:57:53+01:00,243,,3,"Speed.#1.........:  1286.3 kH/s (42.25ms) @ Accel:4 Loops:499 Thr:512 Vec:1",1286.3,kH/s
2026-01-12T10:57:57+01:00,244,,3,"Speed.#1.........:  1314.6 kH/s (56.66ms) @ Accel:16 Loops:124 Thr:512 Vec:1",1314.6,kH/s
2026-01-12T10:58:01+01:00,245,,3,"Speed.#1.........:  1257.1 kH/s (62.75ms) @ Accel:2 Loops:999 Thr:512 Vec:1",1257.1,kH/s
2026-01-12T10:58:05+01:00,246,,3,"Speed.#1.........:  1309.6 kH/s (50.77ms) @ Accel:8 Loops:249 Thr:512 Vec:1",1309.6,kH/s
2026-01-12T10:58:09+01:00,247,,3,"Speed.#1.........:  1291.2 kH/s (42.10ms) @ Accel:4 Loops:499 Thr:512 Vec:1",1291.2,kH/s
2026-01-12T10:58:13+01:00,248,,3,"Speed.#1.........:  1292.2 kH/s (42.09ms) @ Accel:4 Loops:499 Thr:512 Vec:1",1292.2,kH/s
2026-01-12T10:58:16+01:00,249,,3,"Speed.#1.........:  1314.1 kH/s (56.67ms) @ Accel:16 Loops:124 Thr:512 Vec:1",1314.1,kH/s
2026-01-12T10:58:20+01:00,250,,3,"Speed.#1.........:  1303.4 kH/s (50.94ms) @ Accel:8 Loops:249 Thr:512 Vec:1",1303.4,kH/s
2026-01-12T10:58:24+01:00,251,,3,"Speed.#1.........:  1322.0 kH/s (56.38ms) @ Accel:32 Loops:124 Thr:256 Vec:1",1322.0,kH/s
2026-01-12T10:58:29+01:00,252,,3,"Speed.#1.........:  1296.2 kH/s (42.02ms) @ Accel:4 Loops:499 Thr:512 Vec:1",1296.2,kH/s
2026-01-12T10:58:32+01:00,253,,3,"Speed.#1.........:  1255.2 kH/s (62.80ms) @ Accel:2 Loops:999 Thr:512 Vec:1",1255.2,kH/s
2026-01-12T10:58:36+01:00,254,,3,"Speed.#1.........:  1256.4 kH/s (62.72ms) @ Accel:2 Loops:999 Thr:512 Vec:1",1256.4,kH/s
2026-01-12T10:58:39+01:00,255,,3,"Speed.#1.........:  1253.4 kH/s (62.79ms) @ Accel:2 Loops:999 Thr:512 Vec:1",1253.4,kH/s
2026-01-12T10:58:43+01:00,256,,3,"Speed.#1.........:  1252.9 kH/s (62.83ms) @ Accel:4 Loops:999 Thr:256 Vec:1",1252.9,kH/s
2026-01-12T10:58:47+01:00,257,,3,"Speed.#1.........:  1254.7 kH/s (62.80ms) @ Accel:2 Loops:999 Thr:512 Vec:1",1254.7,kH/s
2026-01-12T10:58:50+01:00,258,,3,"Speed.#1.........:  1256.6 kH/s (62.61ms) @ Accel:2 Loops:999 Thr:512 Vec:1",1256.6,kH/s
2026-01-12T10:58:54+01:00,259,,3,"Speed.#1.........:  1252.9 kH/s (62.85ms) @ Accel:4 Loops:999 Thr:256 Vec:1",1252.9,kH/s
2026-01-12T10:58:58+01:00,260,,3,"Speed.#1.........:  1286.1 kH/s (42.20ms) @ Accel:4 Loops:499 Thr:512 Vec:1",1286.1,kH/s
2026-01-12T10:59:01+01:00,261,,3,"Speed.#1.........:  1256.9 kH/s (62.65ms) @ Accel:4 Loops:999 Thr:256 Vec:1",1256.9,kH/s
2026-01-12T10:59:05+01:00,262,,3,"Speed.#1.........:  1293.3 kH/s (41.99ms) @ Accel:8 Loops:499 Thr:256 Vec:1",1293.3,kH/s
2026-01-12T10:59:09+01:00,263,,3,"Speed.#1.........:  1295.4 kH/s (41.98ms) @ Accel:4 Loops:499 Thr:512 Vec:1",1295.4,kH/s
2026-01-12T10:59:12+01:00,264,,3,"Speed.#1.........:  1253.9 kH/s (62.85ms) @ Accel:4 Loops:999 Thr:256 Vec:1",1253.9,kH/s
2026-01-12T10:59:16+01:00,265,,3,"Speed.#1.........:  1253.8 kH/s (62.72ms) @ Accel:4 Loops:999 Thr:256 Vec:1",1253.8,kH/s
2026-01-12T10:59:20+01:00,266,,3,"Speed.#1.........:  1294.1 kH/s (42.02ms) @ Accel:8 Loops:499 Thr:256 Vec:1",1294.1,kH/s
2026-01-12T10:59:23+01:00,267,,3,"Speed.#1.........:  1296.4 kH/s (41.96ms) @ Accel:4 Loops:499 Thr:512 Vec:1",1296.4,kH/s
2026-01-12T10:59:27+01:00,268,,3,"Speed.#1.........:  1291.8 kH/s (42.07ms) @ Accel:8 Loops:499 Thr:256 Vec:1",1291.8,kH/s
2026-01-12T10:59:31+01:00,269,,3,"Speed.#1.........:  1294.8 kH/s (42.06ms) @ Accel:8 Loops:499 Thr:256 Vec:1",1294.8,kH/s
2026-01-12T10:59:35+01:00,270,,3,"Speed.#1.........:  1256.9 kH/s (62.75ms) @ Accel:4 Loops:999 Thr:256 Vec:1",1256.9,kH/s
2026-01-12T10:59:38+01:00,271,,3,"Speed.#1.........:  1251.1 kH/s (62.94ms) @ Accel:4 Loops:999 Thr:256 Vec:1",1251.1,kH/s
2026-01-12T10:59:42+01:00,272,,3,"Speed.#1.........:  1296.2 kH/s (41.98ms) @ Accel:4 Loops:499 Thr:512 Vec:1",1296.2,kH/s
2026-01-12T10:59:45+01:00,273,,3,"Speed.#1.........:  1288.0 kH/s (42.24ms) @ Accel:4 Loops:499 Thr:512 Vec:1",1288.0,kH/s
2026-01-12T10:59:49+01:00,274,,3,"Speed.#1.........:  1260.5 kH/s (62.54ms) @ Accel:4 Loops:999 Thr:256 Vec:1",1260.5,kH/s
2026-01-12T10:59:53+01:00,275,,3,"Speed.#1.........:  1255.1 kH/s (62.88ms) @ Accel:4 Loops:999 Thr:256 Vec:1",1255.1,kH/s
2026-01-12T10:59:56+01:00,276,,3,"Speed.#1.........:  1259.7 kH/s (62.70ms) @ Accel:4 Loops:999 Thr:256 Vec:1",1259.7,kH/s
2026-01-12T11:00:00+01:00,277,,3,"Speed.#1.........:  1258.5 kH/s (62.71ms) @ Accel:2 Loops:999 Thr:512 Vec:1",1258.5,kH/s
2026-01-12T11:00:04+01:00,278,,3,"Speed.#1.........:  1314.5 kH/s (50.51ms) @ Accel:8 Loops:249 Thr:512 Vec:1",1314.5,kH/s
2026-01-12T11:00:08+01:00,279,,3,"Speed.#1.........:  1255.0 kH/s (62.71ms) @ Accel:4 Loops:999 Thr:256 Vec:1",1255.0,kH/s
2026-01-12T11:00:11+01:00,280,,3,"Speed.#1.........:  1260.7 kH/s (62.54ms) @ Accel:4 Loops:999 Thr:256 Vec:1",1260.7,kH/s
2026-01-12T11:00:15+01:00,281,,3,"Speed.#1.........:  1251.6 kH/s (62.86ms) @ Accel:4 Loops:999 Thr:256 Vec:1",1251.6,kH/s
2026-01-12T11:00:18+01:00,282,,3,"Speed.#1.........:  1256.1 kH/s (62.66ms) @ Accel:4 Loops:999 Thr:256 Vec:1",1256.1,kH/s
2026-01-12T11:00:22+01:00,283,,3,"Speed.#1.........:  1257.4 kH/s (62.74ms) @ Accel:2 Loops:999 Thr:512 Vec:1",1257.4,kH/s
2026-01-12T11:00:26+01:00,284,,3,"Speed.#1.........:  1292.9 kH/s (41.99ms) @ Accel:8 Loops:499 Thr:256 Vec:1",1292.9,kH/s
2026-01-12T11:00:29+01:00,285,,3,"Speed.#1.........:  1294.7 kH/s (41.96ms) @ Accel:4 Loops:499 Thr:512 Vec:1",1294.7,kH/s
2026-01-12T11:00:33+01:00,286,,3,"Speed.#1.........:  1293.3 kH/s (41.99ms) @ Accel:8 Loops:499 Thr:256 Vec:1",1293.3,kH/s
2026-01-12T11:00:37+01:00,287,,3,"Speed.#1.........:  1258.9 kH/s (62.58ms) @ Accel:2 Loops:999 Thr:512 Vec:1",1258.9,kH/s
2026-01-12T11:00:40+01:00,288,,3,"Speed.#1.........:  1250.4 kH/s (62.91ms) @ Accel:4 Loops:999 Thr:256 Vec:1",1250.4,kH/s
2026-01-12T11:00:44+01:00,289,,3,"Speed.#1.........:  1294.4 kH/s (41.98ms) @ Accel:4 Loops:499 Thr:512 Vec:1",1294.4,kH/s
2026-01-12T11:00:48+01:00,290,,3,"Speed.#1.........:  1293.0 kH/s (42.05ms) @ Accel:8 Loops:499 Thr:256 Vec:1",1293.0,kH/s
2026-01-12T11:00:52+01:00,291,,3,"Speed.#1.........:  1252.3 kH/s (62.88ms) @ Accel:4 Loops:999 Thr:256 Vec:1",1252.3,kH/s
2026-01-12T11:00:55+01:00,292,,3,"Speed.#1.........:  1254.5 kH/s (62.91ms) @ Accel:4 Loops:999 Thr:256 Vec:1",1254.5,kH/s
2026-01-12T11:00:59+01:00,293,,3,"Speed.#1.........:  1254.9 kH/s (62.84ms) @ Accel:4 Loops:999 Thr:256 Vec:1",1254.9,kH/s
2026-01-12T11:01:02+01:00,294,,3,"Speed.#1.........:  1294.1 kH/s (41.99ms) @ Accel:8 Loops:499 Thr:256 Vec:1",1294.1,kH/s
2026-01-12T11:01:06+01:00,295,,3,"Speed.#1.........:  1258.4 kH/s (62.71ms) @ Accel:4 Loops:999 Thr:256 Vec:1",1258.4,kH/s
2026-01-12T11:01:10+01:00,296,,3,"Speed.#1.........:  1294.6 kH/s (41.99ms) @ Accel:8 Loops:499 Thr:256 Vec:1",1294.6,kH/s
2026-01-12T11:01:13+01:00,297,,3,"Speed.#1.........:  1256.9 kH/s (62.57ms) @ Accel:2 Loops:999 Thr:512 Vec:1",1256.9,kH/s
2026-01-12T11:01:17+01:00,298,,3,"Speed.#1.........:  1296.0 kH/s (41.96ms) @ Accel:4 Loops:499 Thr:512 Vec:1",1296.0,kH/s
2026-01-12T11:01:21+01:00,299,,3,"Speed.#1.........:  1255.1 kH/s (62.65ms) @ Accel:2 Loops:999 Thr:512 Vec:1",1255.1,kH/s
2026-01-12T11:01:24+01:00,300,,3,"Speed.#1.........:  1255.9 kH/s (62.73ms) @ Accel:4 Loops:999 Thr:256 Vec:1",1255.9,kH/s
2026-01-12T11:01:28+01:00,301,,3,"Speed.#1.........:  1252.9 kH/s (62.83ms) @ Accel:4 Loops:999 Thr:256 Vec:1",1252.9,kH/s
2026-01-12T11:01:32+01:00,302,,3,"Speed.#1.........:  1294.9 kH/s (41.99ms) @ Accel:8 Loops:499 Thr:256 Vec:1",1294.9,kH/s
2026-01-12T11:01:35+01:00,303,,3,"Speed.#1.........:  1252.2 kH/s (62.89ms) @ Accel:4 Loops:999 Thr:256 Vec:1",1252.2,kH/s
2026-01-12T11:01:39+01:00,304,,3,"Speed.#1.........:  1249.1 kH/s (63.04ms) @ Accel:4 Loops:999 Thr:256 Vec:1",1249.1,kH/s
2026-01-12T11:01:42+01:00,305,,3,"Speed.#1.........:  1318.0 kH/s (56.51ms) @ Accel:32 Loops:124 Thr:256 Vec:1",1318.0,kH/s
2026-01-12T11:01:47+01:00,306,,3,"Speed.#1.........:  1250.9 kH/s (62.87ms) @ Accel:2 Loops:999 Thr:512 Vec:1",1250.9,kH/s
2026-01-12T11:01:50+01:00,307,,3,"Speed.#1.........:  1293.0 kH/s (41.99ms) @ Accel:8 Loops:499 Thr:256 Vec:1",1293.0,kH/s
2026-01-12T11:01:54+01:00,308,,3,"Speed.#1.........:  1316.7 kH/s (56.57ms) @ Accel:32 Loops:124 Thr:256 Vec:1",1316.7,kH/s
2026-01-12T11:01:58+01:00,309,,3,"Speed.#1.........:  1259.3 kH/s (62.57ms) @ Accel:2 Loops:999 Thr:512 Vec:1",1259.3,kH/s
2026-01-12T11:02:02+01:00,310,,3,"Speed.#1.........:  1254.0 kH/s (62.77ms) @ Accel:2 Loops:999 Thr:512 Vec:1",1254.0,kH/s
2026-01-12T11:02:05+01:00,311,,3,"Speed.#1.........:  1255.5 kH/s (62.76ms) @ Accel:2 Loops:999 Thr:512 Vec:1",1255.5,kH/s
2026-01-12T11:02:09+01:00,312,,3,"Speed.#1.........:  1321.0 kH/s (56.37ms) @ Accel:32 Loops:124 Thr:256 Vec:1",1321.0,kH/s
2026-01-12T11:02:13+01:00,313,,3,"Speed.#1.........:  1256.0 kH/s (62.70ms) @ Accel:2 Loops:999 Thr:512 Vec:1",1256.0,kH/s
2026-01-12T11:02:17+01:00,314,,3,"Speed.#1.........:  1292.1 kH/s (42.05ms) @ Accel:4 Loops:499 Thr:512 Vec:1",1292.1,kH/s
2026-01-12T11:02:21+01:00,315,,3,"Speed.#1.........:  1256.1 kH/s (62.68ms) @ Accel:2 Loops:999 Thr:512 Vec:1",1256.1,kH/s
2026-01-12T11:02:24+01:00,316,,3,"Speed.#1.........:  1259.5 kH/s (62.58ms) @ Accel:2 Loops:999 Thr:512 Vec:1",1259.5,kH/s
2026-01-12T11:02:28+01:00,317,,3,"Speed.#1.........:  1257.5 kH/s (62.69ms) @ Accel:2 Loops:999 Thr:512 Vec:1",1257.5,kH/s
2026-01-12T11:02:31+01:00,318,,3,"Speed.#1.........:  1252.2 kH/s (62.81ms) @ Accel:4 Loops:999 Thr:256 Vec:1",1252.2,kH/s
2026-01-12T11:02:35+01:00,319,,3,"Speed.#1.........:  1255.3 kH/s (62.69ms) @ Accel:2 Loops:999 Thr:512 Vec:1",1255.3,kH/s
2026-01-12T11:02:39+01:00,320,,3,"Speed.#1.........:  1255.2 kH/s (62.73ms) @ Accel:4 Loops:999 Thr:256 Vec:1",1255.2,kH/s
2026-01-12T11:02:42+01:00,321,,3,"Speed.#1.........:  1290.9 kH/s (42.16ms) @ Accel:4 Loops:499 Thr:512 Vec:1",1290.9,kH/s
2026-01-12T11:02:46+01:00,322,,3,"Speed.#1.........:  1253.5 kH/s (62.88ms) @ Accel:4 Loops:999 Thr:256 Vec:1",1253.5,kH/s
2026-01-12T11:02:50+01:00,323,,3,"Speed.#1.........:  1319.5 kH/s (56.50ms) @ Accel:32 Loops:124 Thr:256 Vec:1",1319.5,kH/s
2026-01-12T11:02:54+01:00,324,,3,"Speed.#1.........:  1315.2 kH/s (56.64ms) @ Accel:16 Loops:124 Thr:512 Vec:1",1315.2,kH/s
2026-01-12T11:02:58+01:00,325,,3,"Speed.#1.........:  1317.1 kH/s (56.57ms) @ Accel:16 Loops:124 Thr:512 Vec:1",1317.1,kH/s
2026-01-12T11:03:02+01:00,326,,3,"Speed.#1.........:  1317.4 kH/s (56.58ms) @ Accel:16 Loops:124 Thr:512 Vec:1",1317.4,kH/s
2026-01-12T11:03:07+01:00,327,,3,"Speed.#1.........:  1255.8 kH/s (62.86ms) @ Accel:2 Loops:999 Thr:512 Vec:1",1255.8,kH/s
2026-01-12T11:03:10+01:00,328,,3,"Speed.#1.........:  1312.9 kH/s (50.63ms) @ Accel:8 Loops:249 Thr:512 Vec:1",1312.9,kH/s
2026-01-12T11:03:14+01:00,329,,3,"Speed.#1.........:  1314.2 kH/s (56.67ms) @ Accel:16 Loops:124 Thr:512 Vec:1",1314.2,kH/s
2026-01-12T11:03:18+01:00,330,,3,"Speed.#1.........:  1314.1 kH/s (56.70ms) @ Accel:16 Loops:124 Thr:512 Vec:1",1314.1,kH/s
2026-01-12T11:03:23+01:00,331,,3,"Speed.#1.........:  1314.7 kH/s (56.71ms) @ Accel:16 Loops:124 Thr:512 Vec:1",1314.7,kH/s
2026-01-12T11:03:27+01:00,332,,3,"Speed.#1.........:  1294.4 kH/s (42.04ms) @ Accel:4 Loops:499 Thr:512 Vec:1",1294.4,kH/s
2026-01-12T11:03:31+01:00,333,,3,"Speed.#1.........:  1314.2 kH/s (56.76ms) @ Accel:16 Loops:124 Thr:512 Vec:1",1314.2,kH/s
2026-01-12T11:03:35+01:00,334,,3,"Speed.#1.........:  1258.5 kH/s (62.77ms) @ Accel:2 Loops:999 Thr:512 Vec:1",1258.5,kH/s
2026-01-12T11:03:38+01:00,335,,3,"Speed.#1.........:  1312.0 kH/s (56.80ms) @ Accel:16 Loops:124 Thr:512 Vec:1",1312.0,kH/s
2026-01-12T11:03:43+01:00,336,,3,"Speed.#1.........:  1313.0 kH/s (56.71ms) @ Accel:16 Loops:124 Thr:512 Vec:1",1313.0,kH/s
2026-01-12T11:03:47+01:00,337,,3,"Speed.#1.........:  1314.1 kH/s (56.72ms) @ Accel:16 Loops:124 Thr:512 Vec:1",1314.1,kH/s
2026-01-12T11:03:51+01:00,338,,3,"Speed.#1.........:  1314.6 kH/s (56.70ms) @ Accel:16 Loops:124 Thr:512 Vec:1",1314.6,kH/s
2026-01-12T11:03:55+01:00,339,,3,"Speed.#1.........:  1311.8 kH/s (56.85ms) @ Accel:16 Loops:124 Thr:512 Vec:1",1311.8,kH/s
2026-01-12T11:04:00+01:00,340,,3,"Speed.#1.........:  1312.4 kH/s (56.79ms) @ Accel:16 Loops:124 Thr:512 Vec:1",1312.4,kH/s
2026-01-12T11:04:04+01:00,341,,3,"Speed.#1.........:  1313.9 kH/s (50.54ms) @ Accel:8 Loops:249 Thr:512 Vec:1",1313.9,kH/s
2026-01-12T11:04:08+01:00,342,,3,"Speed.#1.........:  1318.5 kH/s (56.54ms) @ Accel:16 Loops:124 Thr:512 Vec:1",1318.5,kH/s
2026-01-12T11:04:12+01:00,343,,3,"Speed.#1.........:  1315.0 kH/s (56.72ms) @ Accel:16 Loops:124 Thr:512 Vec:1",1315.0,kH/s
2026-01-12T11:04:16+01:00,344,,3,"Speed.#1.........:  1253.2 kH/s (62.77ms) @ Accel:2 Loops:999 Thr:512 Vec:1",1253.2,kH/s
2026-01-12T11:04:20+01:00,345,,3,"Speed.#1.........:  1316.3 kH/s (56.65ms) @ Accel:16 Loops:124 Thr:512 Vec:1",1316.3,kH/s
2026-01-12T11:04:24+01:00,346,,3,"Speed.#1.........:  1291.2 kH/s (42.11ms) @ Accel:4 Loops:499 Thr:512 Vec:1",1291.2,kH/s
2026-01-12T11:04:28+01:00,347,,3,"Speed.#1.........:  1313.9 kH/s (56.71ms) @ Accel:16 Loops:124 Thr:512 Vec:1",1313.9,kH/s
2026-01-12T11:04:32+01:00,348,,3,"Speed.#1.........:  1249.7 kH/s (62.98ms) @ Accel:2 Loops:999 Thr:512 Vec:1",1249.7,kH/s
2026-01-12T11:04:36+01:00,349,,3,"Speed.#1.........:  1315.3 kH/s (56.65ms) @ Accel:16 Loops:124 Thr:512 Vec:1",1315.3,kH/s
2026-01-12T11:04:40+01:00,350,,3,"Speed.#1.........:  1316.1 kH/s (56.63ms) @ Accel:16 Loops:124 Thr:512 Vec:1",1316.1,kH/s
2026-01-12T11:04:44+01:00,351,,3,"Speed.#1.........:  1315.8 kH/s (56.68ms) @ Accel:16 Loops:124 Thr:512 Vec:1",1315.8,kH/s
2026-01-12T11:04:48+01:00,352,,3,"Speed.#1.........:  1315.0 kH/s (56.76ms) @ Accel:16 Loops:124 Thr:512 Vec:1",1315.0,kH/s
2026-01-12T11:04:53+01:00,353,,3,"Speed.#1.........:  1319.5 kH/s (56.48ms) @ Accel:16 Loops:124 Thr:512 Vec:1",1319.5,kH/s
2026-01-12T11:04:57+01:00,354,,3,"Speed.#1.........:  1314.3 kH/s (56.69ms) @ Accel:16 Loops:124 Thr:512 Vec:1",1314.3,kH/s
2026-01-12T11:05:01+01:00,355,,3,"Speed.#1.........:  1315.1 kH/s (50.52ms) @ Accel:8 Loops:249 Thr:512 Vec:1",1315.1,kH/s
2026-01-12T11:05:05+01:00,356,,3,"Speed.#1.........:  1315.5 kH/s (56.61ms) @ Accel:16 Loops:124 Thr:512 Vec:1",1315.5,kH/s
2026-01-12T11:05:09+01:00,357,,3,"Speed.#1.........:  1314.3 kH/s (56.76ms) @ Accel:16 Loops:124 Thr:512 Vec:1",1314.3,kH/s
2026-01-12T11:05:14+01:00,358,,3,"Speed.#1.........:  1316.7 kH/s (56.62ms) @ Accel:16 Loops:124 Thr:512 Vec:1",1316.7,kH/s
2026-01-12T11:05:18+01:00,359,,3,"Speed.#1.........:  1312.4 kH/s (56.77ms) @ Accel:16 Loops:124 Thr:512 Vec:1",1312.4,kH/s
2026-01-12T11:05:22+01:00,360,,3,"Speed.#1.........:  1315.2 kH/s (56.67ms) @ Accel:16 Loops:124 Thr:512 Vec:1",1315.2,kH/s
2026-01-12T11:05:27+01:00,361,,3,"Speed.#1.........:  1317.0 kH/s (56.56ms) @ Accel:16 Loops:124 Thr:512 Vec:1",1317.0,kH/s
2026-01-12T11:05:31+01:00,362,,3,"Speed.#1.........:  1315.8 kH/s (56.61ms) @ Accel:16 Loops:124 Thr:512 Vec:1",1315.8,kH/s
2026-01-12T11:05:35+01:00,363,,3,"Speed.#1.........:  1313.1 kH/s (56.85ms) @ Accel:16 Loops:124 Thr:512 Vec:1",1313.1,kH/s
2026-01-12T11:05:39+01:00,364,,3,"Speed.#1.........:  1285.2 kH/s (42.26ms) @ Accel:4 Loops:499 Thr:512 Vec:1",1285.2,kH/s
2026-01-12T11:05:43+01:00,365,,3,"Speed.#1.........:  1315.1 kH/s (56.64ms) @ Accel:16 Loops:124 Thr:512 Vec:1",1315.1,kH/s
2026-01-12T11:05:47+01:00,366,,3,"Speed.#1.........:  1252.0 kH/s (62.80ms) @ Accel:2 Loops:999 Thr:512 Vec:1",1252.0,kH/s
2026-01-12T11:05:51+01:00,367,,3,"Speed.#1.........:  1251.4 kH/s (62.89ms) @ Accel:2 Loops:999 Thr:512 Vec:1",1251.4,kH/s
2026-01-12T11:05:55+01:00,368,,3,"Speed.#1.........:  1314.1 kH/s (56.70ms) @ Accel:16 Loops:124 Thr:512 Vec:1",1314.1,kH/s
2026-01-12T11:05:59+01:00,369,,3,"Speed.#1.........:  1314.2 kH/s (56.67ms) @ Accel:16 Loops:124 Thr:512 Vec:1",1314.2,kH/s
2026-01-12T11:06:03+01:00,370,,3,"Speed.#1.........:  1312.1 kH/s (56.78ms) @ Accel:16 Loops:124 Thr:512 Vec:1",1312.1,kH/s
2026-01-12T11:06:07+01:00,371,,3,"Speed.#1.........:  1310.1 kH/s (56.88ms) @ Accel:16 Loops:124 Thr:512 Vec:1",1310.1,kH/s
2026-01-12T11:06:11+01:00,372,,3,"Speed.#1.........:  1314.4 kH/s (56.68ms) @ Accel:16 Loops:124 Thr:512 Vec:1",1314.4,kH/s
2026-01-12T11:06:16+01:00,373,,3,"Speed.#1.........:  1295.0 kH/s (42.01ms) @ Accel:4 Loops:499 Thr:512 Vec:1",1295.0,kH/s
2026-01-12T11:06:19+01:00,374,,3,"Speed.#1.........:  1317.4 kH/s (56.62ms) @ Accel:16 Loops:124 Thr:512 Vec:1",1317.4,kH/s
2026-01-12T11:06:24+01:00,375,,3,"Speed.#1.........:  1317.3 kH/s (56.54ms) @ Accel:16 Loops:124 Thr:512 Vec:1",1317.3,kH/s
2026-01-12T11:06:28+01:00,376,,3,"Speed.#1.........:  1315.9 kH/s (56.56ms) @ Accel:16 Loops:124 Thr:512 Vec:1",1315.9,kH/s
2026-01-12T11:06:32+01:00,377,,3,"Speed.#1.........:  1254.5 kH/s (62.83ms) @ Accel:2 Loops:999 Thr:512 Vec:1",1254.5,kH/s
2026-01-12T11:06:36+01:00,378,,3,"Speed.#1.........:  1317.6 kH/s (56.54ms) @ Accel:16 Loops:124 Thr:512 Vec:1",1317.6,kH/s
2026-01-12T11:06:40+01:00,379,,3,"Speed.#1.........:  1313.9 kH/s (56.68ms) @ Accel:16 Loops:124 Thr:512 Vec:1",1313.9,kH/s
2026-01-12T11:06:44+01:00,380,,3,"Speed.#1.........:  1313.9 kH/s (56.70ms) @ Accel:16 Loops:124 Thr:512 Vec:1",1313.9,kH/s
2026-01-12T11:06:48+01:00,381,,3,"Speed.#1.........:  1314.5 kH/s (56.67ms) @ Accel:16 Loops:124 Thr:512 Vec:1",1314.5,kH/s
2026-01-12T11:06:53+01:00,382,,3,"Speed.#1.........:  1311.9 kH/s (56.73ms) @ Accel:16 Loops:124 Thr:512 Vec:1",1311.9,kH/s
2026-01-12T11:06:57+01:00,383,,3,"Speed.#1.........:  1311.5 kH/s (56.79ms) @ Accel:16 Loops:124 Thr:512 Vec:1",1311.5,kH/s
2026-01-12T11:07:01+01:00,384,,3,"Speed.#1.........:  1315.1 kH/s (56.68ms) @ Accel:16 Loops:124 Thr:512 Vec:1",1315.1,kH/s
2026-01-12T11:07:05+01:00,385,,3,"Speed.#1.........:  1314.1 kH/s (56.69ms) @ Accel:16 Loops:124 Thr:512 Vec:1",1314.1,kH/s
2026-01-12T11:07:10+01:00,386,,3,"Speed.#1.........:  1311.0 kH/s (56.81ms) @ Accel:16 Loops:124 Thr:512 Vec:1",1311.0,kH/s
2026-01-12T11:07:14+01:00,387,,3,"Speed.#1.........:  1312.6 kH/s (50.59ms) @ Accel:8 Loops:249 Thr:512 Vec:1",1312.6,kH/s
2026-01-12T11:07:18+01:00,388,,3,"Speed.#1.........:  1310.1 kH/s (56.85ms) @ Accel:16 Loops:124 Thr:512 Vec:1",1310.1,kH/s
2026-01-12T11:07:22+01:00,389,,3,"Speed.#1.........:  1313.2 kH/s (56.70ms) @ Accel:16 Loops:124 Thr:512 Vec:1",1313.2,kH/s
2026-01-12T11:07:26+01:00,390,,3,"Speed.#1.........:  1314.6 kH/s (56.73ms) @ Accel:16 Loops:124 Thr:512 Vec:1",1314.6,kH/s
2026-01-12T11:07:31+01:00,391,,3,"Speed.#1.........:  1313.1 kH/s (56.75ms) @ Accel:16 Loops:124 Thr:512 Vec:1",1313.1,kH/s
2026-01-12T11:07:35+01:00,392,,3,"Speed.#1.........:  1315.4 kH/s (56.59ms) @ Accel:16 Loops:124 Thr:512 Vec:1",1315.4,kH/s
2026-01-12T11:07:39+01:00,393,,3,"Speed.#1.........:  1314.6 kH/s (56.62ms) @ Accel:16 Loops:124 Thr:512 Vec:1",1314.6,kH/s
2026-01-12T11:07:43+01:00,394,,3,"Speed.#1.........:  1315.7 kH/s (56.64ms) @ Accel:16 Loops:124 Thr:512 Vec:1",1315.7,kH/s
2026-01-12T11:07:47+01:00,395,,3,"Speed.#1.........:  1316.0 kH/s (56.65ms) @ Accel:16 Loops:124 Thr:512 Vec:1",1316.0,kH/s
2026-01-12T11:07:52+01:00,396,,3,"Speed.#1.........:  1314.7 kH/s (56.62ms) @ Accel:16 Loops:124 Thr:512 Vec:1",1314.7,kH/s
2026-01-12T11:07:56+01:00,397,,3,"Speed.#1.........:  1315.9 kH/s (56.61ms) @ Accel:16 Loops:124 Thr:512 Vec:1",1315.9,kH/s
2026-01-12T11:08:00+01:00,398,,3,"Speed.#1.........:  1318.0 kH/s (56.62ms) @ Accel:16 Loops:124 Thr:512 Vec:1",1318.0,kH/s
2026-01-12T11:08:05+01:00,399,,3,"Speed.#1.........:  1313.7 kH/s (56.67ms) @ Accel:16 Loops:124 Thr:512 Vec:1",1313.7,kH/s
2026-01-12T11:08:09+01:00,400,,3,"Speed.#1.........:  1315.5 kH/s (56.67ms) @ Accel:16 Loops:124 Thr:512 Vec:1",1315.5,kH/s
2026-01-12T11:08:13+01:00,401,,3,"Speed.#1.........:  1316.9 kH/s (56.55ms) @ Accel:16 Loops:124 Thr:512 Vec:1",1316.9,kH/s
2026-01-12T11:08:17+01:00,402,,3,"Speed.#1.........:  1317.8 kH/s (56.50ms) @ Accel:16 Loops:124 Thr:512 Vec:1",1317.8,kH/s
2026-01-12T11:08:22+01:00,403,,3,"Speed.#1.........:  1285.6 kH/s (42.26ms) @ Accel:4 Loops:499 Thr:512 Vec:1",1285.6,kH/s
2026-01-12T11:08:25+01:00,404,,3,"Speed.#1.........:  1287.9 kH/s (42.21ms) @ Accel:4 Loops:499 Thr:512 Vec:1",1287.9,kH/s
2026-01-12T11:08:29+01:00,405,,3,"Speed.#1.........:  1315.2 kH/s (56.61ms) @ Accel:16 Loops:124 Thr:512 Vec:1",1315.2,kH/s
2026-01-12T11:08:33+01:00,406,,3,"Speed.#1.........:  1316.1 kH/s (56.58ms) @ Accel:32 Loops:124 Thr:256 Vec:1",1316.1,kH/s
2026-01-12T11:08:37+01:00,407,,3,"Speed.#1.........:  1315.5 kH/s (56.68ms) @ Accel:16 Loops:124 Thr:512 Vec:1",1315.5,kH/s
2026-01-12T11:08:42+01:00,408,,3,"Speed.#1.........:  1291.1 kH/s (42.12ms) @ Accel:4 Loops:499 Thr:512 Vec:1",1291.1,kH/s
2026-01-12T11:08:45+01:00,409,,3,"Speed.#1.........:  1289.5 kH/s (42.26ms) @ Accel:4 Loops:499 Thr:512 Vec:1",1289.5,kH/s
2026-01-12T11:08:49+01:00,410,,3,"Speed.#1.........:  1294.1 kH/s (42.07ms) @ Accel:4 Loops:499 Thr:512 Vec:1",1294.1,kH/s
2026-01-12T11:08:53+01:00,411,,3,"Speed.#1.........:  1288.7 kH/s (42.17ms) @ Accel:4 Loops:499 Thr:512 Vec:1",1288.7,kH/s
2026-01-12T11:08:57+01:00,412,,3,"Speed.#1.........:  1323.2 kH/s (56.35ms) @ Accel:32 Loops:124 Thr:256 Vec:1",1323.2,kH/s
2026-01-12T11:09:01+01:00,413,,3,"Speed.#1.........:  1291.5 kH/s (42.09ms) @ Accel:4 Loops:499 Thr:512 Vec:1",1291.5,kH/s
2026-01-12T11:09:05+01:00,414,,3,"Speed.#1.........:  1314.7 kH/s (56.63ms) @ Accel:16 Loops:124 Thr:512 Vec:1",1314.7,kH/s
2026-01-12T11:09:09+01:00,415,,3,"Speed.#1.........:  1316.9 kH/s (56.58ms) @ Accel:16 Loops:124 Thr:512 Vec:1",1316.9,kH/s
2026-01-12T11:09:13+01:00,416,,3,"Speed.#1.........:  1316.1 kH/s (56.59ms) @ Accel:16 Loops:124 Thr:512 Vec:1",1316.1,kH/s
2026-01-12T11:09:17+01:00,417,,3,"Speed.#1.........:  1313.4 kH/s (56.72ms) @ Accel:16 Loops:124 Thr:512 Vec:1",1313.4,kH/s
2026-01-12T11:09:22+01:00,418,,3,"Speed.#1.........:  1314.1 kH/s (56.71ms) @ Accel:16 Loops:124 Thr:512 Vec:1",1314.1,kH/s
2026-01-12T11:09:26+01:00,419,,3,"Speed.#1.........:  1313.4 kH/s (50.57ms) @ Accel:8 Loops:249 Thr:512 Vec:1",1313.4,kH/s
2026-01-12T11:09:30+01:00,420,,3,"Speed.#1.........:  1285.3 kH/s (42.30ms) @ Accel:4 Loops:499 Thr:512 Vec:1",1285.3,kH/s
2026-01-12T11:09:34+01:00,421,,3,"Speed.#1.........:  1296.6 kH/s (42.05ms) @ Accel:4 Loops:499 Thr:512 Vec:1",1296.6,kH/s
2026-01-12T11:09:37+01:00,422,,3,"Speed.#1.........:  1315.2 kH/s (56.61ms) @ Accel:16 Loops:124 Thr:512 Vec:1",1315.2,kH/s
2026-01-12T11:09:41+01:00,423,,3,"Speed.#1.........:  1314.6 kH/s (56.68ms) @ Accel:16 Loops:124 Thr:512 Vec:1",1314.6,kH/s
2026-01-12T11:09:46+01:00,424,,3,"Speed.#1.........:  1316.9 kH/s (56.59ms) @ Accel:16 Loops:124 Thr:512 Vec:1",1316.9,kH/s
2026-01-12T11:09:50+01:00,425,,3,"Speed.#1.........:  1316.7 kH/s (56.55ms) @ Accel:16 Loops:124 Thr:512 Vec:1",1316.7,kH/s
2026-01-12T11:09:54+01:00,426,,3,"Speed.#1.........:  1317.6 kH/s (56.62ms) @ Accel:16 Loops:124 Thr:512 Vec:1",1317.6,kH/s
2026-01-12T11:09:58+01:00,427,,3,"Speed.#1.........:  1314.8 kH/s (56.71ms) @ Accel:16 Loops:124 Thr:512 Vec:1",1314.8,kH/s
2026-01-12T11:10:03+01:00,428,,3,"Speed.#1.........:  1311.4 kH/s (50.71ms) @ Accel:8 Loops:249 Thr:512 Vec:1",1311.4,kH/s
2026-01-12T11:10:07+01:00,429,,3,"Speed.#1.........:  1288.4 kH/s (42.23ms) @ Accel:4 Loops:499 Thr:512 Vec:1",1288.4,kH/s
2026-01-12T11:10:10+01:00,430,,3,"Speed.#1.........:  1318.2 kH/s (56.47ms) @ Accel:32 Loops:124 Thr:256 Vec:1",1318.2,kH/s
2026-01-12T11:10:15+01:00,431,,3,"Speed.#1.........:  1314.5 kH/s (56.64ms) @ Accel:16 Loops:124 Thr:512 Vec:1",1314.5,kH/s
2026-01-12T11:10:19+01:00,432,,3,"Speed.#1.........:  1291.5 kH/s (42.07ms) @ Accel:4 Loops:499 Thr:512 Vec:1",1291.5,kH/s
2026-01-12T11:10:22+01:00,433,,3,"Speed.#1.........:  1313.4 kH/s (56.71ms) @ Accel:16 Loops:124 Thr:512 Vec:1",1313.4,kH/s
2026-01-12T11:10:27+01:00,434,,3,"Speed.#1.........:  1313.0 kH/s (56.69ms) @ Accel:16 Loops:124 Thr:512 Vec:1",1313.0,kH/s
2026-01-12T11:10:31+01:00,435,,3,"Speed.#1.........:  1288.2 kH/s (42.26ms) @ Accel:4 Loops:499 Thr:512 Vec:1",1288.2,kH/s
2026-01-12T11:10:35+01:00,436,,3,"Speed.#1.........:  1286.9 kH/s (42.27ms) @ Accel:4 Loops:499 Thr:512 Vec:1",1286.9,kH/s
2026-01-12T11:10:38+01:00,437,,3,"Speed.#1.........:  1315.2 kH/s (56.61ms) @ Accel:16 Loops:124 Thr:512 Vec:1",1315.2,kH/s
2026-01-12T11:10:43+01:00,438,,3,"Speed.#1.........:  1315.9 kH/s (56.68ms) @ Accel:16 Loops:124 Thr:512 Vec:1",1315.9,kH/s
2026-01-12T11:10:47+01:00,439,,3,"Speed.#1.........:  1317.8 kH/s (56.60ms) @ Accel:16 Loops:124 Thr:512 Vec:1",1317.8,kH/s
2026-01-12T11:10:51+01:00,440,,3,"Speed.#1.........:  1316.1 kH/s (56.61ms) @ Accel:16 Loops:124 Thr:512 Vec:1",1316.1,kH/s
2026-01-12T11:10:55+01:00,441,,3,"Speed.#1.........:  1293.1 kH/s (42.03ms) @ Accel:4 Loops:499 Thr:512 Vec:1",1293.1,kH/s
2026-01-12T11:10:59+01:00,442,,3,"Speed.#1.........:  1284.7 kH/s (42.31ms) @ Accel:4 Loops:499 Thr:512 Vec:1",1284.7,kH/s
2026-01-12T11:11:03+01:00,443,,3,"Speed.#1.........:  1313.7 kH/s (56.68ms) @ Accel:16 Loops:124 Thr:512 Vec:1",1313.7,kH/s
2026-01-12T11:11:07+01:00,444,,3,"Speed.#1.........:  1312.1 kH/s (56.79ms) @ Accel:16 Loops:124 Thr:512 Vec:1",1312.1,kH/s
2026-01-12T11:11:11+01:00,445,,3,"Speed.#1.........:  1312.9 kH/s (56.70ms) @ Accel:16 Loops:124 Thr:512 Vec:1",1312.9,kH/s
2026-01-12T11:11:16+01:00,446,,3,"Speed.#1.........:  1313.5 kH/s (56.69ms) @ Accel:16 Loops:124 Thr:512 Vec:1",1313.5,kH/s
2026-01-12T11:11:20+01:00,447,,3,"Speed.#1.........:  1315.1 kH/s (56.66ms) @ Accel:16 Loops:124 Thr:512 Vec:1",1315.1,kH/s
2026-01-12T11:11:24+01:00,448,,3,"Speed.#1.........:  1315.4 kH/s (56.63ms) @ Accel:16 Loops:124 Thr:512 Vec:1",1315.4,kH/s
2026-01-12T11:11:28+01:00,449,,3,"Speed.#1.........:  1314.3 kH/s (56.67ms) @ Accel:16 Loops:124 Thr:512 Vec:1",1314.3,kH/s
2026-01-12T11:11:33+01:00,450,,3,"Speed.#1.........:  1313.8 kH/s (56.68ms) @ Accel:16 Loops:124 Thr:512 Vec:1",1313.8,kH/s
2026-01-12T11:11:37+01:00,451,,3,"Speed.#1.........:  1317.5 kH/s (56.54ms) @ Accel:16 Loops:124 Thr:512 Vec:1",1317.5,kH/s
2026-01-12T11:11:41+01:00,452,,3,"Speed.#1.........:  1316.2 kH/s (56.59ms) @ Accel:16 Loops:124 Thr:512 Vec:1",1316.2,kH/s
2026-01-12T11:11:45+01:00,453,,3,"Speed.#1.........:  1318.1 kH/s (56.58ms) @ Accel:16 Loops:124 Thr:512 Vec:1",1318.1,kH/s
2026-01-12T11:11:50+01:00,454,,3,"Speed.#1.........:  1313.8 kH/s (56.67ms) @ Accel:16 Loops:124 Thr:512 Vec:1",1313.8,kH/s
2026-01-12T11:11:54+01:00,455,,3,"Speed.#1.........:  1314.9 kH/s (56.73ms) @ Accel:16 Loops:124 Thr:512 Vec:1",1314.9,kH/s
2026-01-12T11:11:58+01:00,456,,3,"Speed.#1.........:  1317.4 kH/s (56.57ms) @ Accel:16 Loops:124 Thr:512 Vec:1",1317.4,kH/s
2026-01-12T11:12:02+01:00,457,,3,"Speed.#1.........:  1318.0 kH/s (56.61ms) @ Accel:16 Loops:124 Thr:512 Vec:1",1318.0,kH/s
2026-01-12T11:12:07+01:00,458,,3,"Speed.#1.........:  1316.6 kH/s (56.64ms) @ Accel:16 Loops:124 Thr:512 Vec:1",1316.6,kH/s
2026-01-12T11:12:11+01:00,459,,3,"Speed.#1.........:  1290.8 kH/s (42.19ms) @ Accel:4 Loops:499 Thr:512 Vec:1",1290.8,kH/s
2026-01-12T11:12:14+01:00,460,,3,"Speed.#1.........:  1316.7 kH/s (56.60ms) @ Accel:16 Loops:124 Thr:512 Vec:1",1316.7,kH/s
2026-01-12T11:12:19+01:00,461,,3,"Speed.#1.........:  1254.6 kH/s (62.69ms) @ Accel:2 Loops:999 Thr:512 Vec:1",1254.6,kH/s
2026-01-12T11:12:22+01:00,462,,3,"Speed.#1.........:  1254.7 kH/s (62.68ms) @ Accel:2 Loops:999 Thr:512 Vec:1",1254.7,kH/s
2026-01-12T11:12:26+01:00,463,,3,"Speed.#1.........:  1256.2 kH/s (62.69ms) @ Accel:2 Loops:999 Thr:512 Vec:1",1256.2,kH/s
2026-01-12T11:12:29+01:00,464,,3,"Speed.#1.........:  1258.7 kH/s (62.74ms) @ Accel:2 Loops:999 Thr:512 Vec:1",1258.7,kH/s
2026-01-12T11:12:33+01:00,465,,3,"Speed.#1.........:  1250.9 kH/s (63.00ms) @ Accel:4 Loops:999 Thr:256 Vec:1",1250.9,kH/s
2026-01-12T11:12:37+01:00,466,,3,"Speed.#1.........:  1295.2 kH/s (41.97ms) @ Accel:4 Loops:499 Thr:512 Vec:1",1295.2,kH/s
2026-01-12T11:12:40+01:00,467,,3,"Speed.#1.........:  1258.6 kH/s (62.74ms) @ Accel:2 Loops:999 Thr:512 Vec:1",1258.6,kH/s
2026-01-12T11:12:44+01:00,468,,3,"Speed.#1.........:  1255.9 kH/s (62.75ms) @ Accel:2 Loops:999 Thr:512 Vec:1",1255.9,kH/s
2026-01-12T11:12:48+01:00,469,,3,"Speed.#1.........:  1254.3 kH/s (62.85ms) @ Accel:4 Loops:999 Thr:256 Vec:1",1254.3,kH/s
2026-01-12T11:12:51+01:00,470,,3,"Speed.#1.........:  1253.3 kH/s (62.86ms) @ Accel:2 Loops:999 Thr:512 Vec:1",1253.3,kH/s
2026-01-12T11:12:55+01:00,471,,3,"Speed.#1.........:  1258.4 kH/s (62.53ms) @ Accel:4 Loops:999 Thr:256 Vec:1",1258.4,kH/s
2026-01-12T11:12:58+01:00,472,,3,"Speed.#1.........:  1256.6 kH/s (62.70ms) @ Accel:4 Loops:999 Thr:256 Vec:1",1256.6,kH/s
2026-01-12T11:13:02+01:00,473,,3,"Speed.#1.........:  1244.7 kH/s (63.29ms) @ Accel:4 Loops:999 Thr:256 Vec:1",1244.7,kH/s
2026-01-12T11:13:06+01:00,474,,3,"Speed.#1.........:  1294.6 kH/s (42.00ms) @ Accel:8 Loops:499 Thr:256 Vec:1",1294.6,kH/s
2026-01-12T11:13:09+01:00,475,,3,"Speed.#1.........:  1294.2 kH/s (41.98ms) @ Accel:8 Loops:499 Thr:256 Vec:1",1294.2,kH/s
2026-01-12T11:13:13+01:00,476,,3,"Speed.#1.........:  1291.8 kH/s (42.07ms) @ Accel:8 Loops:499 Thr:256 Vec:1",1291.8,kH/s
2026-01-12T11:13:17+01:00,477,,3,"Speed.#1.........:  1293.6 kH/s (41.99ms) @ Accel:8 Loops:499 Thr:256 Vec:1",1293.6,kH/s
2026-01-12T11:13:20+01:00,478,,3,"Speed.#1.........:  1296.6 kH/s (41.87ms) @ Accel:8 Loops:499 Thr:256 Vec:1",1296.6,kH/s
2026-01-12T11:13:24+01:00,479,,3,"Speed.#1.........:  1255.8 kH/s (62.70ms) @ Accel:4 Loops:999 Thr:256 Vec:1",1255.8,kH/s
2026-01-12T11:13:28+01:00,480,,3,"Speed.#1.........:  1257.3 kH/s (62.70ms) @ Accel:4 Loops:999 Thr:256 Vec:1",1257.3,kH/s
2026-01-12T11:13:31+01:00,481,,3,"Speed.#1.........:  1258.2 kH/s (62.53ms) @ Accel:4 Loops:999 Thr:256 Vec:1",1258.2,kH/s
2026-01-12T11:13:35+01:00,482,,3,"Speed.#1.........:  1295.2 kH/s (41.99ms) @ Accel:8 Loops:499 Thr:256 Vec:1",1295.2,kH/s
2026-01-12T11:13:39+01:00,483,,3,"Speed.#1.........:  1294.6 kH/s (42.01ms) @ Accel:8 Loops:499 Thr:256 Vec:1",1294.6,kH/s
2026-01-12T11:13:42+01:00,484,,3,"Speed.#1.........:  1258.6 kH/s (62.70ms) @ Accel:4 Loops:999 Thr:256 Vec:1",1258.6,kH/s
2026-01-12T11:13:46+01:00,485,,3,"Speed.#1.........:  1256.2 kH/s (62.67ms) @ Accel:4 Loops:999 Thr:256 Vec:1",1256.2,kH/s
2026-01-12T11:13:50+01:00,486,,3,"Speed.#1.........:  1292.4 kH/s (42.06ms) @ Accel:8 Loops:499 Thr:256 Vec:1",1292.4,kH/s
2026-01-12T11:13:53+01:00,487,,3,"Speed.#1.........:  1296.4 kH/s (41.95ms) @ Accel:4 Loops:499 Thr:512 Vec:1",1296.4,kH/s
2026-01-12T11:13:57+01:00,488,,3,"Speed.#1.........:  1294.9 kH/s (41.99ms) @ Accel:8 Loops:499 Thr:256 Vec:1",1294.9,kH/s
2026-01-12T11:14:01+01:00,489,,3,"Speed.#1.........:  1296.7 kH/s (41.92ms) @ Accel:8 Loops:499 Thr:256 Vec:1",1296.7,kH/s
2026-01-12T11:14:05+01:00,490,,3,"Speed.#1.........:  1297.6 kH/s (41.89ms) @ Accel:4 Loops:499 Thr:512 Vec:1",1297.6,kH/s
2026-01-12T11:14:08+01:00,491,,3,"Speed.#1.........:  1260.5 kH/s (62.48ms) @ Accel:4 Loops:999 Thr:256 Vec:1",1260.5,kH/s
2026-01-12T11:14:12+01:00,492,,3,"Speed.#1.........:  1298.8 kH/s (41.90ms) @ Accel:8 Loops:499 Thr:256 Vec:1",1298.8,kH/s
2026-01-12T11:14:16+01:00,493,,3,"Speed.#1.........:  1258.0 kH/s (62.71ms) @ Accel:4 Loops:999 Thr:256 Vec:1",1258.0,kH/s
2026-01-12T11:14:19+01:00,494,,3,"Speed.#1.........:  1256.7 kH/s (62.71ms) @ Accel:4 Loops:999 Thr:256 Vec:1",1256.7,kH/s
2026-01-12T11:14:23+01:00,495,,3,"Speed.#1.........:  1258.7 kH/s (62.70ms) @ Accel:4 Loops:999 Thr:256 Vec:1",1258.7,kH/s
2026-01-12T11:14:26+01:00,496,,3,"Speed.#1.........:  1295.9 kH/s (41.99ms) @ Accel:8 Loops:499 Thr:256 Vec:1",1295.9,kH/s
2026-01-12T11:14:30+01:00,497,,3,"Speed.#1.........:  1260.6 kH/s (62.47ms) @ Accel:2 Loops:999 Thr:512 Vec:1",1260.6,kH/s
2026-01-12T11:14:34+01:00,498,,3,"Speed.#1.........:  1294.7 kH/s (41.95ms) @ Accel:8 Loops:499 Thr:256 Vec:1",1294.7,kH/s
2026-01-12T11:14:37+01:00,499,,3,"Speed.#1.........:  1296.1 kH/s (41.98ms) @ Accel:4 Loops:499 Thr:512 Vec:1",1296.1,kH/s
2026-01-12T11:14:41+01:00,500,,3,"Speed.#1.........:  1295.4 kH/s (42.01ms) @ Accel:8 Loops:499 Thr:256 Vec:1",1295.4,kH/s
